f0,f1,f2,f3,f4,f5,f6,f7,f8,f9,f10,f11,f12,f13,f14,f15,label
0.9336017948380266,1.9572095164871641,-4.4216761030190534,-0.4238397876606186,0.5499090009646912,-1.3593766678882648,0.8972764675819795,0.7201197827108377,-1.37355617293596,0.6718681680244765,0.43630938736748287,-0.8130022391086212,0.5906698832213517,-0.6967872768280877,1.1466577396520996,1.8179542009227319,9
1.4607421777053866,-3.187561871802462,0.6828797614924068,-0.8545648722655627,-1.907672811944433,-1.8267533451578277,-1.3204689644210856,0.11698940708363137,0.3113082528523184,-0.4624707173514912,0.20185365923271503,-0.4146706903896749,0.5680139171123003,0.10912513694654341,2.310965167986961,-1.026186447133591,7
0.7807746735747797,-0.5713122413874746,-2.0767759078155192,2.000644170991412,-0.08402057872207057,2.3159542637103745,4.249822140047271,0.8353542841288597,-0.9506392135095182,-0.2635827910372506,0.3858740718053374,-0.9986012261261948,-0.9473823094886965,0.3193545272849582,-0.5167148837817956,0.13269614487924078,5
0.27797365955683057,-3.8810109420781167,-0.5638666334727577,0.22723378544681527,-0.609112634708984,-1.460689468327285,-1.3064952626640587,-1.5314689521868086,-1.6269922940847843,0.5854641760457827,1.4871526332386582,2.220922208704466,-0.8367514701830168,0.15285234850699542,-1.0078234249558238,-0.7090535699923238,7
1.8178520685907857,-2.5155820619293516,2.0606833770633006,1.9053498000853395,-0.015450292724441714,-0.9547095537190975,0.21333443815870343,-0.6064193972253015,0.06775857001385115,-1.5279871161766627,0.5839241910986421,-0.15297527491513666,0.2591346990176949,1.566950541269194,-0.10775256498764024,-1.9596828834260758,5
3.8524843648659077,0.2576307918697244,0.9739457138368637,0.03232665474134347,1.294905338930071,-0.07075703047540918,-0.4589528889297719,3.2922704969381202,-0.26738217621664584,0.3559519639486169,-0.5595441159679818,-0.841883610894869,-1.4418550566949684,-2.3225753205607074,-0.7104703203034294,0.7123176196060622,2
0.33891956789950967,-1.5775134987360537,-1.1644801484656424,0.7486614905693997,1.3033156218147184,1.3211362936326734,2.0340545185916774,-0.6200705731841,-0.36427974660728357,-1.597051934632236,0.6936855838832867,-0.5401484636519477,-0.0805892415401817,1.418495221067879,-1.014117371208829,-1.9143217121244722,5
3.7331876868333933,-2.7784186116093927,0.45890823873258263,5.404982965200999,-0.1780407546124182,0.4782203504401705,0.8132165895556843,-0.5108690773073851,-1.3918713582917943,0.7974881096313567,-0.3423763823778225,1.8095525269827502,1.528102981864817,-0.3580066797584719,0.22176584114829118,-1.2129388812917972,5
-0.6280595948065925,-2.7186890214083483,0.6348415693497417,-1.1755949196014408,-2.316944306001398,-3.470672691648784,-1.9245207162825013,0.716816423266112,-1.1371180205330809,0.516993411493074,-0.14111251082872775,-1.1025858211205064,0.0697771452777235,-0.48903408277627275,-1.0634892106319778,0.2347552383101789,7
-2.569584001118749,1.627126583309258,-1.636181406187071,1.4948836774354253,-0.8100236463158131,-1.1206914238281878,-0.5334762235029487,1.6071721751850736,1.6664851154208902,-0.285219832909843,-0.11777426886989695,0.6884465650906697,-0.038091056562872545,-0.1531479258441779,-1.5956371764338286,0.3106441427316747,0
-5.271078805259745,0.06517265603635077,1.973331514126945,1.564331248283169,-0.5668883553224715,0.21351112437684713,1.3258415554526826,1.2552395318382683,-0.7312263522022733,0.387474632165307,-1.490175649754391,-0.4781996222634334,-0.157436596730221,0.06336792887144967,-0.2844983933044679,0.5343225244325538,4
-0.4056329433063742,4.236089797337331,2.0061621794656914,0.8992074306430653,1.9762769246362644,-0.9075755922426056,0.5106453185787716,-2.4226547836241807,-1.1096118026412227,0.45017144501188017,1.3242493044152712,0.9705249599328397,-1.4785390443855777,0.002689964059348708,1.2321857376916239,0.2836535878080492,6
-0.8804388300258008,2.6040549783214035,2.7729938990083833,-0.4669037356090919,0.8644408520954115,-0.8807940239102008,0.04775468849462751,-2.0206091448698973,0.2977528911461414,0.9026762405779709,0.8387195148718186,1.1349722926391352,0.2141559316516076,-0.576615314168948,-2.5854016358643404,0.4870505343988421,6
-1.3672230587857535,2.8507437899717467,-2.7741320755672154,2.039282224719111,-0.7805761020612892,-0.10800498694372646,-2.255501946241369,1.223390230525556,0.89589690079036,-0.6467773978264344,-0.7948233915814819,0.07063405758365965,-1.2386921968685072,0.8358990372005479,0.5721976326582537,-0.2483981529354119,0
0.6402898102518838,1.5941196488359053,-1.0484098415905896,-1.1245312521373096,0.2673155118219963,-1.4139076530915837,1.1706008514086812,-0.19268136431603242,-0.6699133385281648,1.4096499823032327,1.5763209425425593,0.8200553094557748,0.8078194050495742,-2.6527472782060286,1.1762155220467978,1.7621627826239061,8
-2.511355512382186,-1.3360203621438573,-0.3147870430139667,1.6885067035266381,0.49901775097544565,0.5320037476494958,3.1583644823483445,-0.6868300408388835,-0.28770715030545324,-0.5786885366405305,0.744681441839586,-0.5174572224486927,-0.1093311729000525,0.6896653850233198,-2.4939435710133044,0.5511073589202058,5
-1.911444527750806,3.509496971953564,-2.4225812194240843,2.1884457877614096,-0.11984549456943037,-1.525504433028112,-0.30034493089378045,0.9482601054513938,1.0042913566852094,-0.0710634256289039,-0.1863982175959674,-0.07346266066103108,-0.15472034087774603,-0.2359155407297395,-0.2419046086872222,0.2565189850215284,0
2.49300698180715,2.566333651672462,-2.9478664285911944,0.5737650426690821,1.1647031313798188,0.8356027832468929,1.777911282342722,-0.2768895992490289,-1.702369420116732,0.5088028167596714,-0.17426534379997485,-0.5374153016170602,0.7248693195222659,-0.753283797865082,0.4824853349578573,-1.7328583318345916,5
-4.589779470482928,2.234485869114823,2.033840012642749,-0.02933057362824519,-1.1017266869001119,2.560501740008303,-1.652274840776938,-0.3254698336709811,0.7804441946884217,0.3294604475599075,-2.2736764502742455,1.0345983587307739,0.02285576153805992,0.8820043925864992,-0.8651854645816947,-1.9365668404899181,4
0.351592933910772,3.9454050411274864,-0.2215795623657523,1.2994083157714342,1.3490729824345866,-1.3529374482749295,0.6893929828105856,-2.002063237053156,-2.492346779023304,0.8992430787067234,0.6115129588832933,-0.0961997395926303,-2.169162404383196,-0.3024328562762766,0.828033828624944,0.429106520365141,6
-2.940585802330109,3.1868791420851403,-2.175939588697766,1.9671844310014908,-0.39696519400617436,-0.875577453823452,-0.22131464137171544,1.3295127310084365,2.168296330552773,-0.7340040397343011,-0.5018332807296098,-0.4208451813607434,0.9349650427924483,0.18016468341958436,-0.7200581821188625,0.25810008626327896,0
-0.7172918736936105,-0.6190283196317481,-1.7423366225335903,-0.6672942965338289,0.2587787536422764,0.05501912655345505,1.3690360140427784,-0.3497727651325783,1.4335745091841077,-0.3146377185126701,1.9040181683164583,0.9317361983609668,-0.4977636612339203,-0.6273939611793313,1.191263133153283,1.9253617930133293,8
2.7943628443896795,-0.46680035825874083,-0.6203055469844969,-0.45570736811766765,-0.5856778163120903,-1.5085131812465167,-0.3860089518319576,0.6462174660596907,0.7652380595422205,0.3283876845962901,1.8805971385975027,0.37854592360787875,-0.3046267619135074,-1.6141226940726419,-1.9690358618681034,1.2105286047292931,2
-3.7862648949049347,-2.903117264723463,-1.407083081955484,-4.339131890209472,-0.009780440096172354,3.437351410884762,2.2820739170903495,0.7351925711778642,-0.43425980523602037,0.3723730208524048,-1.8370505140158693,1.3522545778001807,-0.020765331944285797,-0.6201743860114752,0.7526258034578969,0.6761022100186246,1
-0.15113486561174375,-0.5672764922554572,1.1055941908006932,0.12580303549741276,-0.8563761338109847,-0.34820980324867157,-0.4300951301229964,-0.44461376377469064,2.233701529905712,-1.0934704348571747,1.7633486352134775,0.8257893078294635,-0.30532366005510353,0.5251476680891426,1.6408832699885971,1.1297755163777004,8
-2.2182765629120205,2.6849219502052546,-1.6588585970419183,1.6142825055047876,-0.3831730789410468,-1.2361118283162456,-0.06318863449575382,1.858403845062847,1.334534480859297,-0.17825266156878702,-0.825342096806011,-0.29445641230322206,0.46207628119547994,-0.7546497060191786,-0.40538381953931263,-0.2369807680251776,0
1.5755274206605414,-0.8410771431573737,2.507369586986968,-2.5264815682616826,-0.7713755557993578,-0.17138702207888704,-0.46056378013621796,-0.7737649539685341,2.731538830610034,-0.5948761943719831,1.1536252149394735,0.06941565676748182,0.2170791446327969,-0.264503627702644,-0.5469954359104575,-0.3682395830922381,8
4.562714113517775,-0.15324613504570944,1.619910724120292,1.8988905919568428,-0.9603532237517681,2.994370396831858,4.821743375272311,4.252822392230219,9.068159411705444,23.999531840292793,5.123960704329633,-5.408743733480246,0.8048874961450228,8.000584760442292,0.41298735910094087,-0.2107730953539092,8
2.810601022229958,-2.1074901893431424,-1.8646344883506896,-1.6029327881835056,-1.2906887222055512,0.9001748431725575,-0.06761181023065141,-0.6562949779541599,-0.6011714131659313,-0.11201927613479892,-0.3731505300574137,0.026005853294753967,-0.9716739890367728,0.8765845739677809,-2.1784905462023767,1.1165512273118932,3
-2.4388111592682447,1.8263826284113744,0.8967386104391085,0.30177728747355,-0.9037387176479397,-0.6416641484202077,1.2320931382619742,-1.1973856934111007,1.0669671836908332,-0.2533871186184906,0.6279200071908675,-0.683282037438347,0.781605469553064,-0.8136542194522551,-1.000869504608973,1.6808751571572886,6
1.9947397887374525,-3.1143324050168566,0.4054393135034184,0.1287603381530538,-1.3319667114019011,-1.4197256905229891,0.6944621133267802,0.7041341475881683,-0.0843193326532348,0.12216037817137843,1.1022880412568203,0.011007972297784952,0.7234760942769753,-1.1217087979412443,1.3886268013960221,-1.7786781122277413,9
3.023835814756308,0.2263364867399333,-2.320957300363365,-1.9940729097888534,-0.5005189420562627,0.4298368101067099,0.3712475554477636,-1.1098007245705004,-1.4574113287321226,0.22311225625384729,-0.0447922304833521,-1.4073650687150043,-1.1273101030034067,0.652485202893909,-0.6108465173679488,-1.28746939471195,3
-5.2311712274905,0.3245096265653682,0.7130680558881224,-1.965133885053366,-1.6624425846711874,1.7681809612690467,-0.6265768197987048,0.36685309661119886,-1.2286618193841257,1.6880074271969845,-3.578487976149622,-0.2532532157424092,-0.9358512645264535,0.5391193128991028,0.8029411545090442,-0.23404758393494582,4
-1.1413562639199086,1.1102149740568383,4.143973786881356,-1.8670235220335198,1.1240082288186553,0.5630979880160983,0.11230955019522745,-0.4862705085152902,1.2814047759922094,0.7228166612372907,-0.7794482956186003,1.7420664960578878,0.437027029063693,-0.7948912764223676,-0.1863661047946132,-1.5864258718872764,6
-0.31421644810845756,-1.6441224707222404,-1.0472250077113454,0.1351983978987385,-1.0013783742612867,1.9376196101941974,0.12652709900741616,0.24904353137511176,1.2752588758902328,-1.3145730939291849,2.0242358811065504,1.7602876268348688,-0.36668848762206363,0.43235866820583635,1.0546351512676602,-1.0151437244222674,9
2.11720094693063,1.4835993137405334,-2.507955564878827,-2.1366270443010027,0.11038893357608766,-1.1188315184033897,-0.4983173372479179,-0.7386059564295648,-1.4251270053929446,0.5075538932546837,0.7718811212702099,-0.3626395317987959,-0.9244617387870584,-0.5804176261120474,-0.9014205229339722,0.34444276683240455,3
0.5614400534796022,-2.6732585975504914,-1.43629649391129,0.7004445659148387,1.0119589688359014,1.963923513433427,1.2705892983816103,-0.5257007876268657,1.2787631655364755,-2.4420633391301307,0.8571337206492228,-0.25167493188104834,0.5538886156996368,1.4334117025602295,-0.9172763827193903,-1.031006728295844,5
-5.151455950970937,1.323119509021635,2.5887310835742734,1.4471881046634352,-1.5531827031842227,0.15122853664149005,-0.9344331529215463,0.668155844298607,-1.3280892074411084,0.2907323723095823,-1.0569393568285894,-1.1023592168804113,-1.0187558651663107,0.30809337766293793,-0.12156762152263981,0.9739282145172719,4
3.821088222131729,-0.06192917602927114,1.6404849578770075,-0.14189017690094138,0.14123855890531697,-0.8434126986677964,-0.10054917557994382,0.18177680124388182,1.6263157028700517,0.2210844416196991,1.201396403765717,-0.6749284959332379,0.5286949111211401,-1.899339429321291,-0.5084141966783908,-0.5784042444031262,2
3.0597196223293057,0.4834561266829269,3.437973063672651,-1.2495073504043126,1.9327660933810484,-0.4961871780263449,-1.7421363841293698,1.2135171920695862,0.7338947058543442,-1.2333468989146574,-0.24861463570871553,-0.471491094739871,-1.2335222455388446,-0.28480548062852024,-0.5849187964209425,-0.09055420672116687,2
1.9644618273345162,-0.7230658090344704,-0.4949432780113413,-0.8498687588245348,-1.0051728733069185,1.1085336903809553,-0.8727558519084487,-2.321182904418633,0.5455952702569594,-0.6813624299816253,-0.6558021944980251,-0.217183595058004,-0.7481605474485005,1.128170137093466,0.8631775404566048,0.8283130489739359,8
-1.6798719214734328,0.4997266696378554,-2.204781446559161,-3.4349555658412045,0.7524170432507742,1.9609764355641128,2.011471433688425,2.47822839510857,-0.3904384065002278,0.5430068278152705,-1.1878444605002638,1.6319383945570591,0.5733284489072644,-2.654812825545852,-0.7126982678021477,-0.35505237183822325,1
3.148834135230369,0.7626860339886539,2.471062507925544,-1.8338880990317523,4.025177132160093,-0.7763742123084394,0.41018763908376654,6.181038017590683,-1.446260909408687,-0.6620249508805962,0.5503878194855182,0.5525359547070497,-2.2266452970046875,1.2045351010777472,-0.43639858548975874,-1.279322821838059,2
-4.649425859914856,-0.3105546375819998,0.7647774791717323,2.1588312841184956,0.5173697633976047,-0.871648353062101,0.8771335434130781,1.714472553190597,-1.5621639529256826,0.3907269996453551,-1.0397641400227233,-0.30323706836809944,-1.712640145519541,0.4229939960600732,1.6597055763217712,1.8592811070122452,4
4.28115719890455,-3.2770408339404202,1.7777582225444535,3.6910598448732013,-0.1709870436890472,2.7132374500549568,-0.0018633979474153317,-1.990022488615797,0.23265006258924567,-1.3074251467969107,-1.4002201297413104,1.3364352021116928,1.942729516808008,1.3242454329561113,-0.6477100117804585,1.134825907905691,5
-0.16390933967127289,-3.6359263365225742,-0.8171615919560009,-0.7847835559935694,-1.7170722090456279,-2.864880565578517,-0.7029408176967864,0.9533822916700366,-1.6731566581184865,0.23037132124749812,0.8192189732667076,0.3124885717951379,-0.564956721081363,0.6612728954603523,1.5462156055166778,-0.24691198176270027,7
6.701088044957874,-0.0591746757691235,2.2902058069704716,1.5752088592762707,0.8784734238502113,1.5666175714049886,-1.5616427378472137,1.445538581722679,0.31317236257982,0.29661117889283983,-1.783931111189287,0.644114625770299,0.8441945536247223,-1.6862301724160933,-0.14534939604848854,1.4668097681441987,2
1.082456469509326,-2.548630593109061,3.7867581544353137,-1.8740693033612728,-0.728396937047364,-0.8767507486132372,-0.712327884701275,-0.15139100533587593,0.9160610922329023,-0.7095079102116014,-0.03566365363734337,-1.9371288714454005,-0.08894374916243188,0.2622109668607065,-0.1208526486522375,-1.047903615195469,1
2.5276138973626168,1.2472144496964974,-1.3082638225653924,-1.3433139327710302,-0.24030787497883468,-0.13767799736362246,1.2124216642367645,-1.4438227052548054,-0.743219402158634,0.9655504087692707,1.3324063661547276,-0.36442757382572344,-0.7790825625991464,-1.0808102724047095,1.0949975742352553,0.2754736904942046,8
6.103448386569989,1.1816154560032073,1.3543048611354498,1.5562478234261645,0.4169974194645776,0.9942418997145367,-1.0280451799188934,0.862851178011434,0.7936383835809085,1.1169258075455997,-0.5274865602064583,0.9208632000819164,0.3474004119651758,-2.207012375057573,0.6949091245381308,-0.3917873665115698,2
2.585619027416636,-2.7487829045956422,0.3765898531028816,-0.1225509811480151,-0.9854957770885759,-0.1522121684408632,-0.5170511044695851,-0.14242785630623064,0.3611233813592304,-0.9309625418473509,-0.009520692766360224,-0.6894348584026047,-1.5705943835941467,1.1260101307412806,1.7692316326768762,-1.106448488060311,8
-0.9895404527679297,4.499080882349216,2.151244222000212,0.714028497200033,1.531430290789792,-1.3279917065086693,0.5267615659120048,-2.3601457104053667,-1.0755203831024762,0.6654907804751344,0.866896001137619,-0.3326554888497967,-0.0639108315289793,-0.8930597038282626,-0.1996634466830821,0.9637714837356923,6
-1.8618557730366738,3.090025747235061,-1.2835943241310985,2.08402839578183,-0.49460202160686617,-1.4960100024509,-0.3887791931599538,0.2114043985579396,1.2497983083340778,-0.1176622532341583,0.2238105138161038,0.655670324452625,0.7573302958890232,0.18566038465510873,-0.019304036471318734,-1.3319627771284601,0
1.038125035380257,-3.3785747014035397,-1.1948400612158603,-0.7326211371507437,-2.636523950558268,-3.0510370405805256,-1.1092249402508176,-0.625240763252666,-3.004512261029314,0.9659814176551005,0.48774074810888224,0.07827426260398951,-0.4406602917383232,0.4182678770700366,-0.3274447443270895,-0.5325012191163189,7
0.31616571113037073,0.3779418529722062,-5.518387800739144,0.3959609170783092,-0.12148592021930113,1.1763699588341041,-0.8757312759615156,-0.3734819718472118,-0.4640049942249806,-0.02971214513505106,0.9259827123584633,2.0548097249193114,-0.5224615227134044,1.117794030844013,2.6205693126097374,-0.2784655163358643,9
2.1266033658991783,1.8942483639750938,3.954412910036749,-4.297172801905024,5.092308964513617,0.20037858184188376,-0.6247570705953336,3.9384996310927094,-1.0781612051849223,-1.4884071455063,-0.4205941620774832,0.9339121929079555,-1.649424089825008,3.4134073175858743,-1.157221942053515,-0.1181794762849027,1
4.0913097330917445,0.8958267772347916,-2.8149224284822405,-2.6602654604488585,-0.2939721402919979,-0.17100387003511175,0.3619153059199029,-0.8599154978725594,-1.167289510992419,1.14530452393928,0.7909573741989138,-0.8126746190749835,-0.17584428193466306,-1.003083735068444,-1.1500175351686166,0.6698272089583804,3
2.4696825717785336,1.0523979483929626,-1.6039629038872836,-0.895746791454604,-0.7534510420487498,-0.196437523419206,0.9432384960402397,-1.6564298000854112,0.19485743460809912,0.6433711389636774,1.9917861178519234,0.6589926668917832,-1.0293027949198519,-0.5897318887285588,1.083563244184525,0.770812421854776,8
-4.685511323369574,-0.19139576921681448,1.5825104501708736,0.34885682081166114,-0.5374979488588104,-0.04918506787578573,1.1836273852885966,1.1313416483528624,0.32377973056594794,-0.09242756881674956,-1.151368507436651,-0.9528360782380045,0.24050438040766242,0.05208629602330565,0.5945224995127462,1.6535307577271066,4
1.4505199556151849,1.3067055780991383,-1.8536427003164044,-0.8957707391535211,0.33146865639429113,0.3258202493156897,1.4979815226336506,-0.3863550165193079,-1.4704446679732037,-0.43084817259004626,-0.45706224253455036,-2.1128603810397606,-0.8525316127716539,0.17337461584859537,1.6298438408031386,-0.795487826671532,9
-2.340288891994586,0.5294320152781768,-1.8712161238447735,3.366014557714548,-0.3245234912389787,0.6245267145317538,0.004615998040822277,1.2470424869449195,0.009138342383908824,-0.8073508915529917,-0.3651464566579881,1.0286168101695914,-0.9220043550926008,1.2438862813051945,-0.4316438988573944,-1.1269962563021225,0
-2.1750008285376468,2.737881160230888,-1.6985849219620335,2.81452300799541,-0.3846095530743306,-0.8515595142754642,-1.043692341833957,1.817204564984779,2.105785681534479,-0.8710799938582131,-0.9047905871976126,-0.528218084260351,-0.1915529183624521,0.31727876613016015,-0.09361212482144289,-0.13237066202616488,0
-2.0675192087968783,-2.533346964112848,0.04717030944706058,0.9994094142460275,-1.270620133665783,-2.923736156512375,0.7795026625421372,1.5000482074005257,-1.3956152984759382,0.04126641662762675,0.501201035878067,-0.3838791022892625,0.34423256166920896,-0.34782854431203786,2.1663502090624753,0.19425280335640988,4
-4.962892859725385,1.195135425911443,2.3877851924700417,1.069296545715442,-1.5081779753151041,0.22804213632765843,-0.9885036474718879,0.3575996420304781,-1.0464839979884515,0.3743045750794545,-1.2719425564661884,-0.7685127589929565,-0.5560940160778574,0.2944161241124836,-0.50544141854856,0.23977480312961602,4
-0.7600565371280987,-3.2395800504074863,-0.23339332550240596,0.533889096270802,-0.4367223390737198,-2.389576721101385,0.5286075343544252,0.3057441523952332,-0.66536788929212,-0.5815350679405673,1.2382899573953055,-0.4431760920693859,0.6845920726895621,-0.4597696291041165,-1.175389570587466,0.8973106168712528,7
3.007254630379488,2.078614458604069,-1.5657512610459798,-2.661748553847458,0.25258669387896643,-0.21881502365107805,-1.1640230578445718,-1.0808079956511052,-1.2182626011690676,0.43058996080406825,-0.021543003724471505,-0.9489047252253676,-1.1098759675307408,-0.41303114621332926,-0.9758607553828468,-0.37250988409260677,3
2.249121592584804,-1.272823036553384,-1.736516361849819,0.9745828942463779,0.2658402447290437,1.9396486459048816,0.9416714053862659,0.4031998809910959,1.4455422423550748,-1.3717076657085596,0.03053469632684871,-0.2302649228017132,0.0820586893078422,0.20738245021866963,-0.6837622092553406,-0.7330799752965357,5
2.371021744434935,1.9271256871872233,-3.49352112779624,-1.8626219342229968,0.3262946313487822,-0.4040624981574396,-0.8160341199487244,0.06654321404693568,-1.3131500700361296,0.03270483734025028,-0.9016170057662947,-0.7159377525853969,0.06006182992604825,-0.14696733824507302,0.8149262941861424,-1.0413853091615777,9
1.8503205443907742,0.011699937713279129,2.709199244721786,-0.05174044969316247,-1.4111610144828486,-0.11298537288146523,-2.7675148035767734,-1.145466463666962,2.151255401097899,-0.9743153088368881,0.058183924906767846,-0.6726625754285894,-0.6880348885549421,0.5322150524614737,-0.39192472038292747,-0.614062089875607,2
3.615428917091693,0.3886094294357537,-0.062347894380739295,-0.3344486184755362,-0.326486884982574,-1.1965619597922283,-1.338347686623334,-0.2412163490103322,-0.09097988200353303,0.7788434465387258,0.30499029266566824,-0.2624544273655833,-1.0981500740806203,-0.8362121620978143,-1.1821936205865913,-0.4245266686708837,2
-1.298806906165491,0.28269019122497263,4.056934230195521,-0.16557117115097153,-0.06605531972161018,0.5528301761719824,0.5297122438721968,-1.1965968716456477,2.5373556803828508,-0.18843164494896528,0.47773282875991785,1.0245247252952745,0.6702301625100388,0.10621743087981896,-0.6574265953296407,-1.2812679295102471,6
-2.2953896748983214,-1.370741021709136,2.841047570205948,-2.670408136065523,-0.7249506563012432,1.8810931603116605,2.4539687546417857,0.33441672831766234,0.7635660394958945,-0.02188610844759269,-0.9125016728879164,-0.30742850909356545,0.35873245039363777,-0.6142987919089369,-0.22919836870337282,-0.3093292623346323,1
-3.6653162902845624,0.9159348090842626,-2.4421921491475604,1.2546772465111724,-0.34840051090566476,0.3391412104160699,-1.7706164911145774,0.4523519126706242,2.673936613730165,-0.7291011432521234,-0.4566548996324234,1.0610842238313463,0.7794171330673547,1.2014098735018852,-0.1805313425673088,-0.679299495377661,0
0.0021594749769479602,3.8206719263248994,1.0920585713048918,0.03809543778815786,1.0993158768698488,-1.6944651957751804,-1.0359346862962526,-2.2502672291535903,-1.6117636920330114,0.7752619000850166,0.6710728622933982,-0.027856484320359316,-1.7120931956652932,-0.4856010857586419,-0.08901557220912928,1.0495508122589015,6
-5.641534627648021,1.1896446734304762,0.9479983617848091,0.9099457290417953,-0.45811217362433837,0.20942454479033165,0.2833065914143724,0.5415213736993185,-1.646546750929551,1.0861268791310186,-2.23671975242606,-0.22712877935412623,-1.2939437238574902,0.7754203744767962,0.3608696106854816,0.8532494898904297,4
2.8262986970183626,-1.1442319298180212,-4.908189305823213,-1.1744863630670697,0.48630766859700064,1.2627309294970093,-0.9845359674164194,-1.3803785856754727,-1.2440582332844643,0.5635883394513173,-0.8532481201987373,1.2367834141678353,0.19744400185600053,0.25028546039370925,-2.591187612568328,2.594230909875283,3
2.05135681019778,0.6522288756001686,-3.8851904923068017,-2.128866864249762,-0.6981907672443364,-0.49623740535583477,0.08407059142480579,0.3445427161805555,-1.1052213870350953,0.6781123986257916,0.15852272839144557,-1.144034178760627,0.1753773583168148,-0.8290310060782685,-2.096003038101996,0.09169485209551582,3
2.7830318789677864,-2.8484566297732656,1.4425329249176262,4.955908132329305,-0.21741995575606354,0.09764583851204817,0.15611185869108643,-0.9425753967655454,-1.570922037762179,0.5753810395843743,-1.700026737264396,2.2983699256060683,1.6336588830321421,-0.4477235110149808,0.80458054093762,0.11908389382568728,5
3.980633207037668,-4.682768146012706,0.3095972458385837,1.0804045096712682,-1.3997462801051301,1.4062457057562914,-1.500841710974396,-0.8378353491686936,-1.0647952174138309,0.0625804339752528,-2.3913718017245107,1.5218099526957816,0.8492493182953188,1.0863565776544875,-1.1193252867722694,-1.064177996943187,3
-0.6960833247391414,-1.2291038579903448,-0.557737863280486,-0.12843995374347214,0.061108452609159904,-0.678814471406104,1.4592992530382785,0.5172211327862605,0.5820744897678661,-0.13758996106194835,1.8801006199984647,0.5538958898055497,-1.064919891224304,-0.6602273994385529,1.068952381261609,1.829760228088451,8
-1.6325063285190762,3.2095309700091357,2.7149278949522695,-1.3635336362970385,2.166342268465607,-2.034167675999047,-0.19856838446650996,-2.0113327538031913,-2.025070179557195,1.0925368364251145,-0.5628063322457867,-0.15483954302909742,3.4105137983796343,0.22131426973636315,0.243041789833084,-0.40249031892527637,6
-2.2148970977557556,4.1065471375141875,1.877237427412924,1.6086360429757989,0.34115084267819,-0.02963182571237239,0.30792272342169474,-2.3479449074153584,0.007575884039460218,0.0782186866607626,0.40721502814197863,-0.4447592345455657,-1.3351464884796451,0.36329818801581654,-0.6109558332775693,0.8803467704071647,6
0.5097205848362218,-1.8123636409405914,4.364479891996188,-0.7097911158191865,-0.5656686199206493,-1.0138116606909755,-0.4787561113208489,-0.5511453528847381,1.4518872985561013,-0.6304820115915389,0.09122945414889146,-1.611554314458685,0.2873675531020373,0.3961576921203781,0.13639254973037337,-1.8235110579043292,1
-0.08457546412245924,-1.2580367925582605,1.8211895091814967,-0.9152021989490373,-0.9190439608668207,-0.8965841419065136,-0.033438306951358576,0.11873129028201726,1.7680682206748721,-0.43762390380882155,1.3160340723976534,0.9726707579634891,-0.11604821792777355,-0.7395412320695175,0.950105390798001,0.3077159015226371,8
2.843131270242741,0.7850889860704878,-2.0788458991693055,-2.389409358944218,-0.4953954961899111,-0.05604381433885675,-0.2220851767128375,-1.410699304652446,-0.9349145245378765,0.4475525918310613,0.7136451153583493,-0.3765313810931605,-2.083638134997905,0.25593010239600744,-0.8515744131777906,0.6381916814402042,3
-2.3471439670051226,1.6822560090098366,0.9150372369365685,-0.04310452396412247,-0.2189137617429742,-0.38895682555164984,0.6987879996119836,-0.7022476937121808,2.659524301761542,-0.8887216762942171,0.12348747385707731,-0.37392396317443305,1.351768698393065,0.18407883017412802,-0.15830159841504496,0.33470036167931827,0
0.2932561905441362,-2.196096364846847,2.1602352480697484,-1.7579730717686954,-1.305583107117162,0.1023972375365136,-0.4548974688639478,-0.13357228822347325,1.951888556475241,-0.7541409009345713,0.18497134321844524,0.18981610972400798,-0.29120074819233444,0.5415906896431751,0.30708304165881734,-1.4858595900872742,8
-5.486755509081519,-0.22943670214288228,0.6059192994099666,-0.01881014115745164,-0.4189385275088434,0.47265657204072575,0.8159580414084061,1.374826066129848,0.46957863356769214,0.3557870919920086,-1.706585434560171,-0.5706404692306191,-0.32945012117822375,0.19148997384102148,0.9145548404771319,2.4376302504043386,4
0.9620584415394,2.265672650149931,-3.8786530368451646,-1.2352298858916433,-0.12302140655862945,0.7384859599435836,-0.04673110971247113,0.07852287613666273,0.2656248769371604,-0.31429997346065336,0.5768970803031558,0.5345086203282614,0.6181146957807301,-0.008954399079328596,2.8329641068722355,-1.7396372703456893,9
-1.3758871657996328,-4.149626322103576,-1.2441046380550411,0.13936834657715094,-1.1849825347417444,-2.181720479290179,-0.3629792484535133,0.45305708142254264,-0.5225684326020815,0.09342535864078146,0.9633448859806408,0.7455080861037348,0.28716011308669553,0.5994898334290806,-0.4739417855324019,1.7963107918208694,7
-0.09277397101122901,-0.5230707833164161,1.4635763503728105,-2.143302035606079,-1.4025241320449233,-0.09239628819265573,-0.6801184641730198,-0.7272510550284443,2.927293192951289,-1.0031339559878938,0.6997502200909351,-0.5020667082919751,0.23912685453667307,-0.03852000508275166,0.6174819053367254,1.1569040065034737,8
-2.512012602673546,2.4773839219659552,-2.799311791260461,1.6014248617263556,-0.41269643055434363,-1.2098410063505596,-0.6068424713334123,1.3437767975601047,1.0571744542567114,0.06143183035374916,-0.14508522580061883,0.8374978680164454,0.11582136363198155,-0.21857940643620452,-0.6139173124861829,-0.06804681663212964,0
2.077676349099296,3.2388903107396727,-2.1043432333667336,-2.249568821927769,-1.2066652938405065,1.2645977678412172,-3.0765327772358653,-2.0548636634671933,-0.25795102377827767,-0.09375085578582376,-1.1147219874075776,-0.9420704414314877,0.448560239325278,0.7200981498523721,-0.9007460161183521,-1.5271388136512745,3
-1.1787378380443403,-5.120251044002933,-0.972250990898808,-0.503175837821395,-1.3868550140610658,-2.9779204799663117,-1.8519966017110092,-0.08024281374166406,-1.1189048349790567,0.598629267793333,0.8255162148987472,1.5734759542017336,0.3477495451960403,0.5580636973649212,-0.43347163241797254,0.9662933380333696,7
2.314042167222245,-2.8275115739406083,0.8073417688916448,2.021291972315895,-1.4700387963144435,-0.132205343974788,-0.6638735712339414,-1.3262968560752497,1.57539149448682,-0.9605894885892681,1.0737259913237291,1.5669491006925949,1.1125851338210042,0.6559347003228246,1.2892656683177974,0.10003269466636441,8
-2.0879588586704934,-1.8791508047145968,0.2244386738606025,-4.56291689031105,0.18383432946444442,3.0914637373380205,2.858060661080302,1.3043989657100798,0.09527549186889372,0.17887559348102847,-0.7535135015457,1.4883623025911072,0.8124091925822511,-1.5580829974076804,-0.5959118808244859,-0.33565845120009086,1
0.2967605965140849,-2.175099315028411,3.982401773075948,-1.115736494464923,-0.8586003448478772,-0.4020662896940513,0.28222411340184766,-0.4460933884302348,1.8650567550082855,-0.7329983672027522,0.377278539925266,-0.9928271945571528,0.6715711849581001,0.10267337704352388,-0.5564944857454214,-1.0940287118939072,1
2.702567269086896,-0.5311465066511849,1.2552262163618069,-0.18954467176967857,-0.9712275036655725,-1.3278721178639799,-2.433679591653205,0.6085717580423813,1.5749344943507884,-0.3819697626325556,-0.009869341407841618,-0.5829625399264291,-0.8738417894131386,-0.6118494233472695,-1.7016819187681946,0.8920723416239537,2
-4.881195413695977,2.3177562491951726,1.0952773405929985,-0.5964495478423961,-1.3090342634712802,2.107433898374045,-1.63881863764941,-0.16415949656528905,0.7103184778038707,0.6977239314149692,-2.8474703541882582,1.3049858363826492,1.065984287023266,0.1868643885876839,-1.049052595630754,-1.8960438641720894,4
-1.5721398470881858,3.082795982526128,-2.35738413659452,2.619425489934922,-0.7376513605278764,-0.43578956360587373,-1.179585720845019,0.689328337169171,1.5008079255027127,-0.6837353456484526,0.07921466401139794,0.799127155790503,-0.5060266108589849,0.8090079056109177,-0.6471924059001146,-0.25354327844038455,0
-1.2160566488132991,3.6448414697882585,-1.7961462678491633,0.8380627386098135,-0.20022008961767415,-1.5603133110897822,-1.5655640896540415,1.0453538934043303,0.7513638876631822,0.029808657764376353,-0.4136110895347308,0.28320138131080375,-0.2926499943219384,-0.7477998918889195,0.03056568926289009,-0.616451486842181,0
3.63043719592981,0.26000204090327783,1.3177287708666028,-0.6389425346701251,1.4553568174809626,-1.0512384087239908,-1.049524463132667,1.606412616942068,-0.7908013205996453,-0.26845963024679736,0.41839093811659167,-0.03312790366479411,-1.9354533250088797,-0.733017577606424,0.06596400388626555,-0.4453034110888458,2
-0.6224060824326079,0.6672287544953305,-3.9772023072839766,-1.631422276655689,-0.029409566615801165,0.02554661102436204,0.9882754393177786,0.5406756700065555,0.9791812912116571,-0.9032279906807414,0.6150961653108917,-0.49530451563577466,1.0758140955556776,-0.08642755428413043,0.7192237305366959,0.8017446121316746,9
-4.334060648630047,-0.08611367204052882,1.6752402082207176,1.0151068197856166,-0.31130232720645756,-0.02003071562303743,1.6359078372362799,1.506755397763266,-0.37933670932579266,-0.18927685399358257,-1.1700331527061145,-1.2974403954355624,-0.1931736773130896,-0.0502917119381323,0.2781255475950061,0.9494372105451033,4
-1.8613482514609556,2.9230994919939426,-3.7274784564156,3.302670746584492,-1.665863028760501,-0.010849654343097814,-1.8122848133568765,1.039305221309989,1.1436368605526392,-0.47150169977168116,-0.35812016947858355,0.20297570569663714,-0.27599749476765706,1.3010499201651644,0.4657347337331642,0.41997407338741105,0
-1.1774197450349377,3.190149659568689,2.6930861077422983,-2.012941700819016,2.252401493434264,-1.796504815936629,0.09452962007389555,-1.8593920183167525,-2.056169639164268,1.4318395180669743,-0.2416311330139689,0.49521130651873296,1.385472928729647,-0.704656628381078,-0.1679560432781171,-0.6329553386246125,6
-0.6778765961038892,-0.07958522013114107,-2.560565926188125,-1.9794125802564804,-0.9651470027989104,1.7585292456882344,0.23045257615856046,0.5426939225687881,1.548445890372631,-1.259732710962062,0.5696912101446332,0.9496901429278986,0.21971921959526083,0.28708075938462096,0.7062947955523785,-1.3673671297930032,9
-0.8325608115753772,4.100168406524995,2.864037638012178,-0.9743487686693333,3.3015612702526527,-2.7741630264617023,-0.05574977377472567,-1.4846445692253964,-2.902632241231266,1.0847760658424943,0.012599638881818946,0.49525760883507164,3.189509911256715,0.677741742433972,0.6245419384428329,0.39991858443060907,6
2.553660667410219,0.44530608523944365,-0.026098230434330235,0.49278104444848025,-0.976304125263363,1.987768040106114,-1.669588111703715,-1.2724585463984481,0.8962462709284188,-0.7610920332683448,-1.2640394595895146,-0.47824211901187974,-1.1754979378793233,0.7760687854234861,3.391732808788682,1.8050340023362186,8
0.5803646140599679,0.5987082393142765,-0.6287067343602786,-1.0309881209746767,-0.031034237886772023,-1.2185837341894679,0.23999211521669067,-1.0053261619516307,-0.07011671165259581,0.2647822563899204,2.1549083470627504,1.6103830247538673,-1.2684662391071722,-0.3211640174372749,1.7145779603957418,1.0692168325242652,8
6.660466888200405,-0.439567313000634,2.348551539316095,0.641481712639666,1.208121046212991,1.1229264427473638,-1.5195502215875223,2.3193490791455056,-0.12599413418067543,0.7561568566570543,-1.7104884132698255,-0.03346064421387117,-0.2813581910314407,-1.9555749982805162,-0.6943726641845802,1.4515525153873992,2
1.2434339104266132,-0.10766953912292813,-1.9999374223572444,1.3982236787781062,-0.0745027565463718,1.8029595554290316,2.3006797752724304,-0.1318678137398511,-1.319996400085909,-0.6519434417759632,-0.44267215093955636,-0.8306760830846545,-1.1419369948940807,1.3790241145013669,0.7143049610827698,-1.5961287165861147,5
-3.167346994287168,-0.6424685163771946,-2.157405408705945,-3.935283496608978,-1.0081666683450285,2.432388984242367,1.310717044823976,0.6935590219524101,-1.7366219384665718,1.225817532920108,-2.5948579251599027,1.8765239869169126,-1.0074183147209965,-0.17261127923751027,1.1915635367342454,-1.3611953542947217,1
0.6923810887648532,1.3378174967350627,-2.114336268682782,-1.3303015180381348,-0.30567643886956486,-0.24028644319949277,1.1944355855613038,0.7146217166191382,0.6375532389710385,-0.3755302525992804,0.2465260358029089,-1.6137309886467097,1.3694973997817685,-1.514462871848173,0.16558910369419916,0.3509616510300751,9
1.8609210028757175,1.3542881811757053,-1.7194461283858553,-1.9990714936610976,-1.6839026892256885,1.752205228504505,-2.3446196263082997,-2.1842050987156894,-0.7696364037710819,-0.29857874068616214,0.7224407989118667,0.14120674600205002,-1.8054066772809867,1.5517649270683653,0.28536681232553174,-1.4170879655139133,3
6.879801507800755,-0.25280749396884455,1.6650429006152818,0.7730210196827065,1.4685687002955858,0.19267094551544708,-1.5086743296165432,2.8279440564126945,-1.0144143911720391,1.1974058194058712,-1.2599288633655603,0.7666870137839688,-0.3669085840415943,-1.71947583118707,-0.8566240450755985,1.2877199388421066,2
-1.8746339701313037,3.382751969631433,-1.7782287390507436,2.4855257665793533,-0.912631227724429,-1.204842999419807,-0.5954566636264612,1.433587172505409,1.8381066947968427,-0.15013993071446008,-0.5303841082806894,-0.5473944484489564,0.6734048468328853,-0.8280325082851018,-1.2494788504995136,0.5688817916412722,0
-1.4661285354106268,1.6370247234104922,1.9114973907050758,1.9213021611297125,0.08944057499288952,0.4230936919222271,1.1960489480962888,0.06362692813952184,1.0799878471504132,-0.29174905430144293,0.8527783134366864,0.6183512080543406,-1.0562359512041983,-0.18497276436124574,-1.354509883185776,-0.378209584928344,6
5.38169179656909,0.06315830364606179,1.7805145592972622,0.24561253324366977,-0.0028359100483942336,0.15394657909199067,-1.8942977438718442,-0.5756153447210571,0.31456685012814994,0.9056151807115801,-1.2503772420538226,0.1415636175092974,-0.21705382246705276,-0.5407712660542532,0.31980457208740004,-1.091121508564672,2
1.6800824921213013,-2.967913464940949,0.8904526575352536,4.659958580113867,-0.16335069811097552,0.10587378987820055,2.0251181154510896,-0.20952881640448995,-2.638087833387781,-0.042572988592730725,-0.3329866066496459,0.5419773460116996,-0.14618196023618343,0.9358464197057734,-0.25713413139221436,-0.7156314767442712,5
0.9233511466314029,-3.4406948607738395,-0.47410661092517276,-0.8961370640381655,-1.0538443712692862,0.271877793976457,0.07741148144626955,-0.7481392682661391,0.5772264840095782,-0.27821686844775373,0.3685492414624305,1.1801141813791098,-0.715980787151958,1.5181242477854107,-0.6064260866586901,0.8309273730504404,3
3.739554928733995,0.3088956056333529,0.23364939853781594,-0.211355840576905,-0.3323623488212152,-0.7806015877486784,-1.1633433701736806,0.8372077828331581,-0.28734116362214124,1.3129821388670564,0.7645489402646723,1.4513166789234453,-1.5958572651578993,-1.590649987701871,0.8846483278541568,-1.6048804597858335,2
1.5436947506226064,0.16951747456029362,0.5530400407143073,-0.6117282109681317,-0.2295058017349153,1.67320374793346,-0.46744111574652697,-2.3551658589991518,1.717014567796423,-1.7572312871176483,0.03948347890873491,-0.4839664290052751,-0.8912099070505493,1.6536601956631227,1.1426531799484143,0.9417423255836345,8
-0.933513200126384,-0.26368293764219564,2.9763534335559285,-0.11547621986561696,-1.5617643066092435,0.9604876860863145,0.5053766421954665,0.067447317669006,2.9170407354239702,-0.914021628814449,0.8144361251765333,-0.043347453277673545,0.8121119849128745,-0.9817775293671527,0.7964968636207231,0.5642539653831283,1
0.7103819419025366,1.454256331337785,-3.406761988349314,2.0267971320390594,0.9455598679531447,0.6687822482816934,2.8145098527045143,-1.2240661363289236,-1.3292841766131678,-0.5805388995939887,0.45933927119873574,-1.1703138917485834,1.1646604048344216,0.40530902060647456,-0.8667144308287348,-0.14491053115192948,5
-1.3976309683909214,-3.3971575906165565,-0.9108405135082065,0.5068020644654854,1.574448880106569,1.2154501588698952,1.6334959149490698,-0.2650391122118659,0.7321656946295116,-1.5596436282402981,0.7634872545465359,0.28775021626745334,0.833094607901935,0.5654331345738263,-1.0148251453876898,-1.3016811590508308,5
-3.1728138239378127,1.1025893667279563,2.466582251054993,4.3633756085823645,-0.2911865777573233,-1.9808771780848482,-0.07813530963979734,0.5702675237567092,-1.5557029408424357,-0.2846361614342094,-0.3713130441789544,-1.5153113278955215,-0.9333309875262791,0.8785542255193124,0.1871409298187906,0.11585564118725893,4
1.6650777001495576,0.1694297755297477,0.10685345207562962,0.5299442519590821,-1.0857245875194061,-0.6834695256528927,1.2823112961989762,-0.04504763722687462,1.12472278307491,0.551959109076249,1.9531564767000966,0.5412983246812824,-0.9329049449249528,-1.262211732572052,0.7680175839863801,0.24239452307898857,8
-0.7508410083092305,3.9070592483577746,-1.3924512190340153,0.668050172660211,0.7354168403357412,-2.32070960822703,-1.154058513929487,0.4012653769287911,0.08616783913492847,0.3690564329136913,-0.33090552608848944,0.35405902766557906,0.5248454988243092,-0.9516624882984341,-0.10098736296628041,-0.6122098586588414,0
-0.17687290361734312,-5.782065012285876,-0.45125552476290276,-0.1196834761558643,0.8932735551110775,0.5362868731842941,-0.03761215477338412,-1.6572715557825577,-0.5581828854764486,-0.06593484657823498,0.6183962137581965,1.6002199897561895,-0.5211180874620389,1.8443903418461618,-1.451640871048404,-0.8840210749674658,3
1.744649383717746,-2.6313011026824813,-1.106780857856641,3.787297771443454,0.40718392791183194,2.374103727983722,3.044048259034086,-0.4101295595597634,-1.4474593483279738,-1.1071385355723762,-0.6430639358843909,-0.6522284032926137,0.8780951184673386,1.0214722259891473,-1.278246165347902,0.38829269296787067,5
-1.04311657061131,-2.424128076934476,1.0390456169833686,0.19913866334029456,-3.1817210286949074,-3.199255941046126,-1.7433132875228958,-0.12558003710660634,-1.5166949880086975,0.6694003075838867,-0.0215255536560329,-0.9704832558385607,0.184336576983671,0.01063897769137715,-1.1176944615234006,0.13420850097546486,7
-1.8798070334588517,3.448914046245651,3.089853302884019,1.7656753591383574,1.4831080619450638,0.24487984891320624,1.7472034973049244,-1.1161285009638353,-0.1989643310387495,0.16837225713347986,0.661226812540774,0.3838780913159816,-1.2219135535890677,-0.4410643944245402,-0.04416416604045602,1.2623696718671593,6
1.9251091025324436,-1.43955117242731,1.5846636446324498,0.8140714212598149,-0.16007291586388434,2.328091376942631,-2.422695431315654,-0.9571585019646764,0.6309620908241271,-0.9193265010848278,-1.9417554957522862,1.0836472636158303,-0.885910104889954,1.1611996616178177,4.3062667080087245,2.0045386576604964,8
2.0273387803304876,-2.5135292003839083,0.985788895839061,4.684014066058793,0.2703603339152457,-0.9905049519174967,2.705736993315461,0.38694400073843127,-0.9580653960495196,-0.34454077450028386,1.4916648321523183,-0.016726718451861907,0.6375337230027148,-0.04046910562699069,0.4182312151257824,-1.9287113949933856,5
-0.6773297657871592,-4.048249261602439,-0.7282875800150094,0.4652576651440521,-0.7185011354259699,-2.6310485361550637,0.012741223649834228,-0.7995310845127201,-1.605403632826725,0.2212505502148248,1.855944152468461,0.7043886110525958,0.4610731574693125,-0.09536635856866324,-2.1545666577837927,0.2201663349110716,7
3.982709230505978,0.24872729179954353,0.5088521706985586,-1.0499126834608368,2.7353820848731436,-0.7648068718870756,-0.06181131863641537,5.80755902870067,-1.1253494826536123,-0.3151366932758422,0.7674741470512532,0.8687319284773254,-1.7828360263876333,0.39399923083989635,-1.3802132386790213,0.7386871415533515,2
1.0136501347941729,-2.0869267816741526,0.48807933230170236,0.7332382015409218,-1.302851837972469,-0.0031244165854103037,-0.2789026298371349,-0.9522768043603216,0.6716142026432067,-1.243927064970464,1.29347928502961,1.0091202105721155,-0.7413825893126175,1.6269586150882953,1.4602216663431684,-1.1838481033167263,8
4.6406713440207765,-2.866253254242702,0.7659650923038923,5.697255427854367,-0.15713424473730153,2.523426982648722,1.399744803818826,-1.0898604875862494,-0.9568161042124163,-0.26688681662172486,-2.2166537127157757,1.361405593531793,1.659516611824145,0.5164038082933691,-0.22964685779088506,2.0936925284154317,5
-1.2797940466045112,1.9778706810581306,-3.0900375516522627,2.6601228194179707,0.29658215154362905,0.3076105932116763,-0.9882758080035852,0.7697425288329766,0.09789820541951293,-0.08743105770283958,-0.09599414202815351,1.2862555838384422,-1.769295387458865,1.1377512752371917,-0.02705064842627118,-0.6947873132469741,0
3.73134289100621,-1.5295034583491462,0.013893233694100497,7.215688526400956,-0.7856868360768865,0.9815933525786499,0.3931109143247504,-0.7282371348057458,-1.6751580437180191,1.7700716667999237,-2.4815886796495894,3.154885841236884,2.336889059585777,-1.4264723244573385,0.5984497062729148,-1.0953466418411226,5
-0.8814181194085471,4.236898267311076,0.904638274234021,0.9780330923438165,0.9961915549155363,-0.2901436750695509,0.6930223725110984,-2.4022825775329886,-0.6082188656325195,-0.40402594861084573,0.4316138795410968,-1.1092550449342289,-0.8442173276560462,0.45326343157922017,1.0265023399663384,1.3593348827058696,6
6.01336589315144,-0.7335648646874227,0.30548136260138803,-0.22970715523359292,-0.47589200859506703,-0.1986054776348594,-2.2103081726479825,0.8584087022667125,-0.45871102479901876,1.556658370296591,-0.06404859867299649,1.862823230793376,-0.07991793051614315,-1.8112474094076796,-0.07868752336709037,0.40049482383545876,2
-0.9998122452255042,-1.9684258055799166,-2.1938476036445675,-1.1163845671553092,0.592417784768923,0.041902298009557803,1.0994894920558738,-0.04580710422419246,0.7167407229300777,-0.41776464007663106,1.7298841509742158,0.8519324443273197,-0.1294355770155457,0.13365211587701273,0.1574985919938036,1.6094716214584264,8
-2.1460491405670106,2.2124604790975253,1.3603385107098864,-0.9358607728967252,0.2178285073774005,0.3348421083425243,1.6542087331661959,-1.9673990576966025,0.6112824542226695,0.029332945049821094,-0.028265934910579233,-0.7057623567348488,1.092990742788364,-0.3732313832153423,-0.12962041199581797,-0.5573663444742346,6
6.8367558837760924,-0.09090992305278917,2.7835202764997145,1.613632250771929,1.4916218486225425,1.4331650441974813,-1.747969211717377,0.3941282212031227,-0.2791200486347872,0.28663300097103867,-2.301054483444831,0.8231260579695849,0.37828750278687906,-1.4590571023377679,0.528444246028746,1.6952939197852375,2
-6.87083142077575,1.7113067247521778,0.8921557258971219,-0.9525541804426764,-2.7096538103591223,4.608785355782261,-3.8083040916637216,1.162012803991229,-1.8768012348850058,1.8836952575472412,-1.8793942405422759,0.3855179424686641,0.34574339442144036,0.5313902963493718,0.37442327538654485,-0.33484821553985894,4
-6.6500319045887775,3.3417435225533874,5.873712548402204,3.9251107518525026,-5.474570308342779,17.578039958697623,-12.685283946122937,5.485785790954747,-10.727539448421197,-1.365261841218305,18.40111601310421,-4.378411963196039,4.679916934907841,-2.0081201345871458,0.6875855102162839,2.0675647402597743,4
0.9289263331946217,-3.0700844327024246,0.4682169161986366,-0.17621484330151654,-2.020970502904074,-2.9323076143942006,-0.9789014436613737,0.5775430120077374,-1.2147810900153455,0.6490059116463787,0.2676326597447754,-1.0369164341581143,-0.33494563660926646,-0.11766228312245419,0.8655872683569124,0.14348195658754778,7
-2.632877429218953,1.3205745287295076,-0.22332299531068475,0.40409852865342616,-0.14987370046474546,0.24202841418217536,2.0531493947877553,-1.4197221032337994,0.2863876305063462,-0.1841805512634525,0.6805573297529138,0.12641805100993583,1.2371744147629131,-0.5121248809791864,-0.6193471853009614,0.27366415545705464,6
3.841146282760137,0.3909269624887598,2.189184536792859,0.6072797795792283,0.8173404413874488,-0.24765494925534298,-0.6394616521868578,1.0510676347524197,0.8173806310218493,-0.4529416607976103,0.3338520198587824,-0.7540396610807993,-1.1542674661637056,-1.3433061787293807,0.7316915839719198,-0.48060284189787084,2
3.3937329243135563,1.0717248384573688,-1.3284206027987873,-1.6480832698167083,-0.09601784483169684,0.69364318836669,-0.06234323960117241,-0.6400000009584534,-0.3052789381287376,-0.09315015283580488,-0.6635813343456103,-2.4628948435573124,-1.0235433558460796,-0.027151945522972374,-1.1197948254798136,-0.7743447933028805,3
-0.4518518856579935,-1.5785659048923062,-0.9168510092124835,0.7798715569155313,-1.023940878103983,-1.6331603475116279,0.03450587888164089,0.5319793530116713,-0.049690954553243634,0.2704379103183333,1.1505131779911335,1.458395201987352,-0.681748148880684,-0.23254149151910253,1.8492199661606699,0.803032144753835,8
-1.8601756244757388,0.9813948875593411,-3.8125102761152676,-1.2933459614945058,0.11525280204201854,0.5783359432475447,-1.1510972901991972,-0.5523687687937423,0.5219412094087494,-0.21832703573280782,0.8554570997646248,1.7769967235419286,-0.18529956128167274,0.7607545003828844,0.15216664058125356,-0.12660301477949948,9
3.0427253873982116,1.4704800719365738,-4.257972627852076,-0.6623164264777506,-0.8240280954493789,1.052074760052712,-0.5288323160704683,0.10572525417716724,-0.1643760898920681,-0.28168594435955635,-1.1364733125908646,-1.3125411879480686,0.8272160556572737,0.13918012683057995,0.6161860958170418,-0.1217855539569097,9
-0.9156429617090405,4.020246235825074,2.180033696691819,1.9850081773685815,1.3922160711830085,-0.6848948641525262,0.288645099574177,-2.174234707749921,-0.7151017794445786,0.034409291788118544,0.693614087155532,0.08294634584844637,-1.3992078764556108,-0.05891131146725586,0.08786630916902231,1.0355438011094178,6
-0.9882846618130855,2.5851068162494184,1.3114388146299396,-0.7971803025447374,0.8842063043509673,-1.5677922125930253,-0.22959745644710097,-2.138660649489065,-0.5450579952854615,0.1775698174157052,-0.4156771383537454,-1.2574758211678998,1.0003400781576963,0.18066803303572262,1.524919447416389,-0.848549734432435,6
-1.6808342411626171,0.4560380757085781,-1.8220055909112483,2.785461455479733,-1.261343343686431,0.11673101801757303,-1.2439983288000436,1.5858170565017389,0.44834679422643037,-0.6669893170390557,-0.2933069939605828,1.0411903602351846,-1.4791016376935524,0.9038551970904521,-0.6604121112052611,-0.3739570570819018,0
-1.3301116666455932,-0.9906627295794045,1.7761700671671332,0.5663827675748829,-1.2390993411051447,-0.6900903171596516,1.0873670556598574,1.3240610191604536,1.8335429300482609,-0.04916338443670071,1.1343719898316125,1.2201420332129589,-0.0226299703084888,-1.790691478951934,-0.010363768594913619,-0.09058617476682453,8
-3.1915812802744465,-4.17781442803061,-1.2108574214059609,-1.6128579665645206,-0.8550019101998714,-0.9023787463418649,0.2611139824727628,0.1759515376879372,-0.8621213309593833,0.09793250558295488,-0.004612569941762113,1.0943652109744555,0.4465616955398947,0.7149176897003566,0.1317666047894781,1.2245839874790494,7
2.167022322752554,0.7573427739196512,3.0562693367533678,-0.6882843357756498,3.12945498283649,-1.0620694239001722,-0.4502789427436711,3.0665920778831097,-0.9834675418283109,-1.0607235984385366,0.3145258997729083,0.381824416674305,-1.6248296218814562,0.4606668153621146,-0.3144742132984682,-0.016225422433038702,2
2.5974592054246144,1.5724552884415188,-1.5161443906903467,-2.879209307985291,-0.40148767597767765,0.9051510742802583,-1.3808744254173606,-1.595783971153695,-0.9282880560576098,-0.13107616495921068,0.08996163135188871,-0.714421065290617,-1.389356402416884,0.7713060364191499,0.281408767444605,-1.7101212285596878,3
3.0167053331592397,-2.2440916499889867,-1.5720383534249784,-1.3913672445519558,-1.280046872411458,1.3896118640620343,0.31555072773825776,0.47329245379061596,1.2628459346278529,-1.0277461848284442,-0.041611591289617764,-1.0237092209958334,-0.3824397394099958,0.6415100015665037,-2.3192834968650526,0.7824273664859761,3
4.887807723265044,1.2322953131340257,1.3111688080591963,0.7143749294129883,-0.4786470940719442,1.5785125891769436,-2.65647172996161,-2.282743981104919,0.8332058750844302,0.2977755727454114,-1.9904779931960046,0.2139581945387112,0.38422709177244757,0.3088967312825242,0.9084647359662414,-0.8896161585525564,2
0.9163941284989516,0.6354533433860658,-4.392664415037495,-0.375256857034004,-0.012778417256177513,-0.19618497612363567,0.5508890675351801,0.9187444360551845,1.505775119860004,-0.8751706215227455,0.5253320728210913,-0.8835922940903331,1.465625669059039,-0.4474942608290234,0.44942087528674185,1.0801290907713916,9
4.588878198752765,-1.6920012062549414,0.13158003252534728,0.060728326659997355,-1.6165401628669247,-0.26673746867044684,-1.675369978748592,-0.8730442654065134,-0.017036883053228546,0.9635422868759681,-0.48223530939697495,1.0481824110718039,-0.023046633139845875,-0.7591539858279356,-1.4532930090400322,0.23795252968837086,2
1.3004228645784657,1.6594915028028496,-3.1102167214312235,-0.29855014858479445,1.6977778268929766,0.9858868718026002,1.4909754711957142,-0.6754131066210638,-1.4860037191662296,-0.2757266975731955,0.2992186730949908,-0.05096577549322674,0.0939347807809596,0.2361889302582907,0.4426106024340762,-2.1467935039976114,5
-6.476043284913248,1.990175962174314,1.0790573842255164,-0.31809047010851677,-0.8791243097133791,2.0949180332822115,-0.44176988631871766,1.3279151501179436,0.25955095929264543,1.1451489249963216,-2.892785788481155,0.8283506142774514,-0.16277196370570937,-0.6076653007767727,-0.512263805865471,0.5380490154001577,4
0.9231484999157311,0.4633214563857575,0.9147181033134819,-2.48539542016928,0.2436256160886746,-0.7120107083876307,0.22221327781757738,-1.1693413262168506,0.5558359439187877,0.1502892124348621,2.023637790161543,2.244506613986591,-0.46604979481527786,-0.1901813399193495,1.0173426732986022,-0.014842999443610956,8
-0.002376855362912728,-2.375227066483515,1.2492588396495548,0.4523843479463387,-2.8321030028468264,-2.847438337692348,-1.7987686063598447,-0.05217280670692127,-1.4607763187619682,0.4850995880111849,-1.1326966919723724,-2.4029708519229662,0.5841835331054573,0.3171407989436306,0.45815600543949797,0.42269519284216395,7
1.5589793164368266,-0.8230078763360247,-1.910957368223666,2.0943578261191536,-0.24345532818641055,1.6111918290837184,2.620381258053645,-0.7706344895584428,-1.356611390443153,-0.6946765982537432,-0.08546295542885099,-0.9752360770871805,-0.8201888745078447,1.4399271863717478,-0.6482432654394211,-0.20286329016300025,5
-0.40793629603591147,-0.7234660373521157,1.6863992623340744,0.9676479505408974,0.4178071203592599,-0.052724264550592176,1.545887140918138,-1.1439510489619475,-0.8045199908904694,-0.6025307595771597,0.16794344060963218,-0.5694187463575847,-1.5827553613590806,2.144052106368497,-0.20027767584436038,-0.5759113810025394,5
-4.270758130228999,0.9409906468280163,3.3817110957000738,2.1559932550318655,-0.5813135620537421,0.14047437619562175,0.9787358392490666,0.20181335201613668,-1.2452335206661158,0.09721391135036798,-0.554033206302201,-1.1748386113509948,-1.3136616020060317,0.08354943797542107,-0.8621680164641625,0.7357878381887824,4
2.556234237702144,-0.5673320829179291,-0.06126484479218779,-1.4936552095384996,-1.6006620300633825,1.7923251672281622,-1.030875438698576,-1.4440272575369337,0.3571609137517362,-0.33058679639720795,-0.07701770337686163,0.06456667090226094,-1.3987484233504217,1.0327253939120304,-0.14486024597351874,0.07369434311038142,3
-4.54225392262266,-7.455290812922974,-2.976322907658431,2.3437991918481473,9.26136654769678,0.1300330328626874,-3.510652657025576,-1.4722272377921208,1.1121987297859932,0.7395725655424961,0.721147162140633,-1.304374530542438,-0.2526685212175006,-1.1962964599042152,-0.49206907140748535,-1.622908886588124,7
3.066704677508105,1.3901976672389014,-3.1205198405762866,-3.070269287211127,-0.01701213374767787,-0.9569018644276033,0.10281674623952375,-1.5009460460005262,-1.3658869960753057,0.1878535975219237,1.3604270044735274,-0.3283410645488517,0.31504517299563584,-0.4168641368135043,-1.0188821217095834,-0.08818103114940148,3
1.2811038305268725,0.8020457269580391,-4.344484313676393,-1.3033955933904662,-0.8252448821423752,0.5269256085981449,1.5747268490776563,0.7499740303215015,-0.3376805724520019,-0.2061328015418069,0.015413150659576515,-1.6780086111400767,-0.24918225448836562,-0.09816756890269042,0.6373121879711371,0.4967739181691034,9
0.020642751254507766,-2.444872122710123,3.7531547873282576,-2.3891511374455328,-0.35414844234106596,-0.07984417560181142,-0.3439755971048959,0.6416989502652638,0.34168769676375826,-0.4638749154499455,-0.8090276139278553,-1.8593424477590048,-0.705877053608704,0.03393486210831796,-0.9085355800646966,-1.166419770601287,1
1.961969429671992,1.458803427877085,-3.5925669157716054,-1.6414284224398434,-0.8197744750873739,0.1289548942677151,0.1512990796640605,0.7055492460590466,0.42508734715772556,0.3606288999546616,-0.28398951574623893,-0.5817768042156255,1.1961021168090515,-1.4115623955952215,0.1981772796879326,-0.23469363756572342,9
-2.4885139345542275,2.341490102492937,-2.6224650376419385,0.9353224556367468,0.3865832662838796,-1.2029789960596549,-0.5054218515334878,0.6682508081704284,-0.08071647772025198,0.6478671971905209,0.25760084834158764,1.836124676033548,-0.5112533191737533,-0.13097864804102516,-0.3766136451590974,-0.38675444997738934,0
2.813141357201608,1.9532011295492109,5.856895685171981,-5.305228756405182,6.800151995385612,-0.4104484989770134,-0.20366442430881307,4.961146209566054,-1.5914188187575438,-1.5251970201181304,-0.4255036943295619,1.4179260431959029,1.7686788540610794,6.132784155854728,-1.5464224569045946,1.371263011280842,1
-5.484245877968167,0.7487882549868844,2.27459157059649,1.0230072740750615,-1.8416429646262824,0.22234402696448471,0.10475098364333192,1.1031358745960604,-0.7552449883025699,0.25259963339823227,-1.395930427244503,-1.6004764894318442,-0.31392847103010907,-0.0672756138057709,-0.8183123026236522,0.8892768641860394,4
1.0438899594275608,2.25157602407532,0.7400691298249894,-0.703860298893274,-0.7247825614582993,1.839697823151307,-1.326655459012771,-2.687831522333693,1.3375570657173403,-1.2068100423508596,0.6953305228412813,-0.08350568766217406,0.07922534236525501,0.5442080988061267,1.9465610604894157,1.1648107261646112,8
-1.5410599805979914,-0.9511057372478996,2.5392579508975066,0.7938261958301799,-2.915953584954108,-2.0642940951992976,-1.8376694987785593,-0.566759301554093,-1.6333546994902688,0.6115133721296969,-1.295119703723753,-2.562646129237979,0.3354891091090456,0.18394668994697283,0.08526540732715798,-0.913636962719477,7
5.2443767118033,0.46588175711865576,2.368534029483872,1.3306919806596562,0.29864280854547925,0.8745736371288505,-1.8174384765755793,-0.7537092996285263,1.4386548751789092,-0.3626070527328706,-0.7377578204922524,0.06759408494451574,0.2271376500988383,-0.6140011814682976,1.6322058477206811,-0.2725294280084153,2
0.7278017395892351,0.07348706773892122,-2.0921025269159133,-0.6672905874936406,0.29782642200298587,0.198545619913437,2.557193352239912,-1.098876995973212,-0.42195211938444477,0.25987472209129386,2.502705614564635,1.2539448278597651,0.21248585735504502,-0.8872654086203084,0.3666918377315243,0.5272168855869704,8
2.5259832913177065,1.296389359383225,-0.5809472074742507,0.002485877231379586,-0.6883624730603538,0.8005497160458255,0.49212304861738637,-1.5977228057685096,0.29802214103744423,-0.05487715475250561,1.0478687102943347,-0.34755643325390956,-1.499187626388406,0.09860293571214106,1.3428171554279322,0.21494545985786814,8
-2.3421702347299505,-0.5220880261870594,1.117377372109452,-1.8620975530317831,-0.3015438006131543,0.704396935326818,0.07352693377461186,-1.3415200660682391,0.37736745180315184,0.5075842214896504,0.8961741559722689,2.959689799935324,-0.49910673077547996,0.10830700799323349,-0.1872200178571823,0.25170314377339714,8
-0.13352675055103,-1.1328769881230192,-1.5543526240322023,-0.6750407868884685,1.1092247040909304,1.1819122130447106,1.9726277501995202,-1.6950764912136098,0.5650162248964048,-0.11768826440837092,2.344365687496923,2.2470122608485097,-0.841257017593781,0.22125883040796035,0.8692488719764859,1.1942388891679483,8
4.044176545128254,3.25234909237535,-1.9795041246789136,1.2755003798555866,1.384052519859072,2.123021444276385,-0.16421872242576566,-0.8476745386004515,-0.8201466234148519,-0.32790405699107716,-1.8524874619846265,-0.47092731802240007,2.7976707682211277,-0.7779909453957179,0.7708004932400677,-0.18841668972798753,5
-0.9754587447038359,-0.6568642362690627,1.4431284215915108,-0.8285151303880364,-1.0565011658650019,-0.11354147131291353,-2.7361946375040187,-0.45458328064841624,0.7152172048380697,0.5844527791211784,1.4632524635226578,3.8515336644894007,-0.5663586321149461,-0.8610476289391923,-0.44964361914542755,-1.6326878750258131,2
0.08617755366995693,-2.1596230500052163,4.015817707010488,-1.6539645108017822,-0.9120060799126488,-1.0030323587707852,-0.5680173957252364,-0.6069022734651341,0.7425418130571089,0.021949501358172863,-0.1217233408434846,-0.9169574051457638,0.30447979831111294,-0.06969362755237694,0.23717754100989658,-2.362760664059243,1
0.3483830563744635,1.4047020209749108,-1.46293825043478,1.2146412019619737,0.23378402427963055,0.02785852544023719,2.46553092831666,-1.4544870404854522,-1.5264760922778833,-0.5534161869013694,-0.013211246701228611,-2.033412680834072,0.4283830367676155,0.8966615440624214,-0.2936895831332695,1.0073579386087232,5
-0.7474906983909992,0.5028289632642023,1.128383973626978,-2.8988906296024433,0.6874573511695161,-0.9025649217298948,-0.016320627898904864,-0.6944496351016284,-1.1741001946192544,1.051739225507109,1.0108615469450783,2.8082289012583797,-0.38659915107376164,-1.0690758833196528,0.7055859443674276,0.23373697939654256,8
1.8384137805289682,-0.5076332483398189,4.208097030763465,1.1994048895871063,-0.3480272117084419,0.027649924193361857,-0.12505294666202765,-1.1437202360190823,2.4294350050971594,-1.2473147234291275,-0.20357032526996915,-1.2696946297152991,0.5808577646431815,0.2943581770443823,1.1595285921072829,-0.40351013552978526,1
0.28418043217562394,-1.662436877134956,4.264509215135982,0.15525662710026913,-0.444629893174656,-0.8080373163619546,0.24618285375394075,-0.5980335796091001,1.552716977121812,-0.9717274866033723,0.40263816699516447,-1.2876154334883956,0.47362580368162555,0.16457064047559308,0.6419341816538698,-1.3247066177885403,1
-1.3522257342716866,4.318993360351065,0.26907464911656087,-0.6048886913441902,1.6434881015174254,-2.8601575926964844,0.8055967781229567,-2.13391124756126,-1.736843164554675,-0.10730883055947998,0.2757064671313479,-2.649076294187226,8.727437812439414,2.9565595970986935,1.5764374925659392,1.318460707234065,6
5.7455591161897495,1.617449188620184,1.9549687649227478,0.9707216248792515,1.3708788172681927,0.564237446264995,-1.1024699752181684,1.274177168953205,0.792849436597024,0.2665585550204701,0.05926396137091255,-0.08356793948974973,-0.1490077379274748,-1.41694179148931,1.1111885532194585,-0.4812947360147701,2
1.0675052270924035,-1.956189193777045,1.7236380080868945,2.275030465259573,0.09468284264899432,0.4108630770970583,1.1827180269851971,1.3362784663425762,1.2815547643730154,-1.535514477644241,-0.7862928496588362,-0.5512916615883295,-0.27451825773562577,-0.045272677678012636,1.3170120729524626,0.7914052334588972,5
-3.3083598037358457,2.3763836812069377,-1.8683182849638946,0.2500760673052766,-0.6796697943594784,-0.30508888107290055,-1.023041879113089,0.04762432561036135,0.7074251339706998,0.33253499683717874,-0.754373067442422,1.2046553793341466,-0.2541348060160818,1.1370714859931668,0.39393353080193094,-1.0915232092444842,0
0.09664865233193745,1.6882216017710998,-2.8946255969167622,-1.6314205732418912,-0.24187894662462794,-1.5675972028494747,-0.8617657417636676,-0.3569295260149347,0.2762075814252776,-0.2788481934698658,0.6868552225856825,-0.6247028079226324,0.2660468289407356,-0.2234747433551182,1.4292369658797777,1.992283284392953,9
-1.5204872800712985,2.566802562212693,3.2532887746022134,-0.5621263659748367,0.798331496825001,-0.027507293705906592,0.9665703462565661,-2.951825589284326,0.7594017412833468,0.15445833305485523,0.5801087603799394,-0.26858119037157163,0.5873068409800767,0.04081838685674605,-1.0491573427008078,0.4705873968356315,6
-4.2703944496619615,-2.9846546557005884,-2.229336961449,-1.5153187908569046,-0.74297044131484,0.029397528614435082,0.45530084490965783,0.2762128069517594,-1.1475968953249223,0.5533343994240326,-0.7102041115197034,0.8676685142221281,-0.5513163857371736,1.2887061875781003,-0.233382831619254,2.3535058682302865,7
3.2565843776316794,0.7524212017437297,2.3274951607512233,-0.41663456225468076,1.0069343401801347,-0.657370847981146,-1.4758468497043866,-0.9261550189798289,0.018286284074546844,-0.7228582385205272,-0.3581978057883536,-0.8959699751698735,-1.4416372067555148,0.2126566701907632,-0.3534256532297884,0.4092152397897302,2
3.011480434290711,-0.4530602244294737,0.2671742877346645,-0.10286792079577335,-1.3705111267283114,-0.9582826812333555,-0.7637404966928498,-0.49902508747934626,2.6531220287529638,-0.4416632319768374,1.5171440170566333,0.1955302223560836,0.14604656017732376,-0.6660041815697577,-1.2502461695142868,0.04048186219624667,2
-2.2032985266950247,-2.04674896638547,-0.03173864061963363,-5.067707279594418,-1.559602752788284,2.3862133188684935,1.2415806417792723,0.8320327828961946,-1.2028595479459798,0.709805820219884,-2.300650266932296,0.8954602820863995,-1.1835370663621738,-0.3382573952523224,1.187705066945778,-0.5537469773586745,1
0.016509963963125977,-1.7509910792708503,3.3255697716118284,-0.44048217686932206,-2.118176764293631,-0.16809285779902838,-1.335758572943574,-0.6980845507974199,2.7067358552675858,-1.2991158713432385,0.8112205604104442,-0.5201218244855702,0.7609647025425378,0.40001999897075935,0.6159527236046345,-0.02312782732342323,1
0.339843843686889,-3.612271291193344,0.8507070903073668,-1.0687339361950963,-2.4207924823788733,-3.0471798346031362,-1.3912552590189537,0.36092858304626024,-0.4775721331181331,0.025727419084106844,-0.191804316480562,-1.2217973113696787,1.2345712505395559,0.3077845737378906,1.5164916904095533,-0.612789874112658,7
-4.505273901681133,-2.301886394054807,0.7969129433273751,1.934141539646257,1.982381069791407,-1.0141322779035817,0.2635381474030452,1.3732348977790092,-0.4771851207510984,0.4704149933477815,-0.1601060888667667,-0.726004756477853,-1.5117788300864454,-0.5427267719854137,2.9717908036903693,2.3187957937619332,4
-2.8829167516662015,0.24071289778021146,4.098853583112202,-2.4481272559187963,-2.191138071340716,2.6721152698397606,-1.1669402800977204,-1.488924599495238,0.4427370882007633,0.6548359889931388,-1.5211210650153348,-0.05804761233647998,-0.24316052178594824,-0.1113891289424264,-0.2811119462354768,-1.247715199381353,4
-0.818090995538052,-0.9125925125001377,3.797911215299188,1.7870780997323004,-0.9463909616060634,-1.1667390370977386,1.3005563611568267,0.16191679671383802,1.0310220854335548,-0.38214542658154393,0.6283863465004031,-1.5941835275120457,0.7093961328609139,-0.6439437874724638,1.017049540157918,-1.8424007886232687,1
-0.8588694800137303,3.873071745242353,4.174669115406822,-2.2688617228309456,4.672174166092762,-1.354047510813628,0.09326829787631201,0.5406130618395802,-1.9245387654455874,0.674592105121146,-0.8637047125160644,1.9131573714230454,4.56175852920629,2.197791217722156,0.04347138421950352,-0.6508418619806833,6
-1.7461363208613472,2.7993428138522787,3.078190719614875,-0.12218572015589312,1.1556765214915226,-0.21558146177698073,1.1530566656122196,-1.5087917139539604,0.4518010338910369,0.577169540083058,0.8867312101624817,1.0928514643028828,0.24115423796653082,-1.1745679360767567,-1.2098295340966088,0.6133180783121063,6
2.176514515639062,0.575624867809242,-2.6918828902319873,-1.7839547834789165,-0.23991350752293145,0.10660792102456662,-0.03366019673784691,0.9226919214182606,-0.49312488194086246,0.5670186431481452,-0.8368828806117191,-1.5247521187133413,0.3092010808932247,-1.3698313375239417,-2.4762270344324873,-0.20163145667051255,3
-0.7710301228626348,-3.0741862909536284,0.09773878795570944,0.27414995057374025,-2.4523006890156216,-3.097020254389474,-0.1791966344567627,0.7235683980507978,-1.0925163975232768,0.6135781412784602,0.7680859716527783,-0.4063090653894755,0.9271554422436283,-0.77391976694512,-0.16765444989970152,0.430242623855269,7
0.8231014958665546,-2.6370171188969747,0.2555078056387727,-0.2849520087950989,-2.5111541408992446,-2.264341129864168,-1.1044963045255876,0.16698783312723967,-1.9458155555238235,1.078950990686239,-1.127828067660617,-1.227009292707584,0.26866611337427654,0.009722022090901053,2.1805296166541526,-1.696703805428134,7
1.1251478994734205,0.15800014312827113,-3.698801012253047,1.8555721107439738,-0.2577372743060982,1.8058558082339302,1.8701860780303579,0.238194371335912,-1.314099710569222,-0.4253739297869266,-0.5852467730539291,-0.5651292697114362,-0.5407968903316969,1.1335798912013315,0.4599985858960456,-0.9782470430539384,5
-2.28368057370324,1.7134372020369544,-1.4750295999629228,1.3168123192987145,-0.14087231570250536,-0.33720265632652885,-0.7127002459167286,0.39705216004689,1.5549417671520023,-0.9043815259326794,-0.5411097967484877,0.26792729330143966,-0.6518286412183256,1.2924082052014085,-0.15499441771883074,-0.28957789573317594,0
1.806852483962321,2.2701184893383335,-0.6316313750234306,-3.248030041242266,2.1224122425742475,0.32270405791489115,-0.1028918207568612,1.145017802787436,-0.04009008781790077,-1.3466573849358459,-1.2271255919310358,-1.9887356899146817,1.6792705340529088,0.20375229547625728,-0.10370250919470476,-0.33641288803574293,9
-0.8563390882364229,3.807600656222926,1.44560561293329,1.075107827867035,0.9640731189608275,-0.2786042624383486,1.139274475370617,-2.6467541977790745,-0.7853086127672112,0.049711939580751784,0.2130052030124382,-0.6012362879939311,-0.5283393756013763,-0.11840478368008397,2.032134876543493,0.5972114403751474,6
-1.965519111838796,2.895059318512511,-1.8554704777340314,1.4318688031130167,-0.10826712134818392,-0.5463941467401745,0.7062206160977518,1.1689289970549863,1.8834500921070467,-0.22250537155988526,-0.20042284737422847,0.12690488797802155,1.249093577368997,-0.7885814974285175,-0.83206208140532,-0.5188180799744646,0
-4.715727557891963,-0.7486870772459696,2.4727106436274635,-1.1497521457486246,-1.8907519175077905,1.2663366406425618,1.151187437664305,0.7919551977489762,-1.4471216744094944,1.0907228153395634,-2.5160102281084518,-0.9578740114750778,-0.25501913067417054,-0.7406911124442767,-0.7007860754402688,-0.7732824363688717,4
0.774206846681249,-2.5609682962581686,-0.5384558244223543,-1.7523242026746393,-0.7990229918534922,0.43792206062613037,0.383001437651869,-0.10327617281487768,1.6364210007757782,-0.042429164608381795,0.902693747521151,0.4805062993966408,-0.5950283120015911,0.041855927647619175,-1.1634342811360396,1.9797930480410528,3
-1.5409572395211346,-1.9860164769811683,3.475524697045425,-1.3294956181514577,-0.7545661823228719,1.0595643156871948,2.2010049053673653,1.146581590139039,0.23479779597794928,-0.0021536548487765127,-0.5465864583913768,-1.1054223113862454,0.08736178251333075,-0.6944764487718603,-0.004049411095419294,-1.5634857583831379,1
-1.3183100254227396,1.0191355131216588,-1.8782951035057263,0.5592695785128876,-1.3636614122335653,0.4439499563829872,-1.4114593005069314,-0.6322788657640873,0.5793530493746624,-0.40779373313500145,-1.0164958365965246,0.6888063817230073,-1.0148585683121603,2.4086995421009187,0.5194394702775361,-0.9351205002770219,0
-2.1517507422010462,1.8724820216342748,1.330201494018851,1.0565589045217298,0.30695498822392586,0.12959350467521485,1.733153257601629,-1.0121833990362714,-0.049224237811214405,0.7076042925270517,0.7553730246301473,1.6697503189982246,-1.3725324251324766,-0.5373965986887338,-0.5002361681818921,-0.4920247517572211,6
2.1528395998319687,0.08987998385297724,-2.029730618899108,-2.995379728824624,-1.0167500150421176,0.7297489703223619,-0.006439992299299692,-1.2282009014592548,-0.2742783348069726,-0.5560056849711217,-0.15831490490936834,-1.8153650867405895,-1.175656474592107,1.0937106365577312,-1.175516304128097,-0.37268062948529396,3
0.012011188770609684,1.0895166593846934,-3.2384720091064723,-0.6808914889810407,-0.5619394582142,-0.1507027777601241,0.5803758136760199,1.3335422127030256,1.3356772865451563,-1.0291559819599492,-0.302285413307568,-1.8800422400343557,0.21559707377806953,-0.38146584575883646,1.9960621694654976,1.4070152477785811,9
-2.044713110481071,0.822414261968924,-1.8850071636784498,2.0013537970699407,-0.23802627689053077,-1.0326212229209843,-0.7942261755825853,0.580834963233663,2.6030142310852584,-1.2390808044117745,0.05200757171861878,0.39086999169800163,0.39213715807446164,0.9472630883614345,0.5929424328757603,1.0580987137562143,0
-4.590112941295072,-1.5248963888998326,0.15569764180754903,0.47788995803290396,-1.3110628976162497,-1.1731904951721455,1.3669543506893034,2.2149362986997416,-1.1510462060802067,0.12109505803751189,-0.8500652755067878,-0.6145235638394041,0.32016482672957747,-0.3461817481373186,0.9803996255493209,0.9179898541081021,4
-0.31621574512326345,-1.4302798946474604,2.849546484999952,-1.8021196270307238,-1.1935958552915387,0.10083604267011854,-1.0647033531352847,-0.34155686921456646,2.85820357252654,-0.9179748308872505,0.547771497184808,0.10680248406892641,-0.10606362924026567,0.115658780476104,0.5305503556038137,0.17275823219928402,8
1.1774529113797054,-1.15983829138628,1.506226426083762,1.6179146844441246,-1.3908945084664137,-0.916203966436531,0.7607960777997762,0.6976022160492917,2.28544659308665,-0.09805175886393064,1.5074059189400302,-0.03618493457152805,0.35954231220269167,-1.0097499950274686,0.7547538989286604,-0.9155968447986381,8
2.92019342547321,-2.5674696311531604,1.0084551902987269,4.844841382996946,-0.44192098053124823,-0.01969634631597157,0.1447223640995458,-1.2015385040437114,-0.6182188749597014,-0.17851391524375307,-0.10324105454422525,1.5622049830777518,1.338222568424194,0.885408911966899,0.4192028796317727,-1.1208774495373066,5
0.8206935930780941,-3.9309772788710173,-1.7032744178436832,-0.4673463421219648,-1.854334094381047,-2.4673896441823104,-1.3519104013325245,-0.40899857082218527,-3.149859153346702,0.9063690651711226,0.05979676568712383,0.947044665693922,-0.04259906424017398,0.5755741628220796,-0.27006399974877376,-0.9213060319874025,7
-2.3415377531015453,2.9320435787179053,-3.1752635410617844,2.5860638823858464,-1.348144060406078,-0.35042793011985,-2.0605153517111634,1.2374037629579064,1.1148006428195967,-0.307415570879307,-0.4368381114734892,0.5607144190052116,-0.5980240975286176,0.6966007594814906,0.056626906251520844,-0.18116589063641267,0
-0.48901089090940136,4.1994168834393015,1.2990936545239076,0.770636333331151,2.032861537186831,-0.8887443683384055,-0.31486843877901877,-1.6316672004690596,-1.0861190948104464,0.37951014471596417,0.4053291054345306,0.5337490939162807,-1.3611358781926393,-0.13481438987121283,-0.4465818428307091,-0.08065440353712533,6
1.1135509915721766,3.763359745853247,-2.1355432441578026,-5.094802858866951,4.055116466757809,-3.6513849066944424,-1.1282782249105618,2.2890306483269685,-3.48453076129018,-0.43104917589153513,-0.9450480851639234,-1.6611353917152467,12.521744223019715,5.769657627338503,2.199990648435761,1.0732815530729525,9
-3.1978257187836103,-0.7070894113077812,-0.467542601908297,-2.959490968341481,-0.6250027529507309,3.1823072182469234,3.0860569842326617,2.007290927110011,0.3258884020293048,-0.2738218149737793,-1.4904969883828119,0.1618645724375426,0.05115353629684306,-1.1032298363558042,-0.4204469341383988,-0.9742048470572734,1
2.143362308336292,0.8769999344703072,-5.161061832190014,-0.5134700913594017,-0.2633266279751634,0.5476375297958428,-0.12167617149520603,-0.1960541847381854,-0.5974758070295559,-0.13550440599966426,0.40075653144410955,0.6827212749226405,0.6082354289072591,0.5086532029350599,2.0796442000806277,-0.5182834477971162,9
-0.42261974112025447,3.525508369253105,-2.680437981257023,1.7052014450759176,-0.5063053005627595,-1.820154483833074,-1.0804418411375696,0.5954368551735686,0.2746170184629295,0.42945857873611515,-0.14814792743020594,0.2116539731971903,-0.799496007122451,-0.14690986016048038,0.19144298290438466,-0.8782791484564396,0
-1.6140129092095639,-1.6023639519417374,-0.7481462782068197,-1.5155518342088372,0.25719042734124686,0.3639984185563271,0.6741005018975872,-1.257322450029399,1.005866759174514,-0.8318218431404026,0.7576851205756462,0.4859361706380342,-0.028825534024043635,0.10706825541253734,0.7631622511742555,1.7664821505659942,8
0.04261364937000001,0.39460799494030196,-1.2608623459708506,-1.0704555903143138,0.08972663350144412,-0.2341390012214252,1.874081992370685,-1.461047211386766,0.17814122953630054,-0.5804611302921064,2.2504426096889936,0.5964669042075201,0.4865288635519089,-0.20086322373804877,-0.4257065863243613,0.4166760868018272,8
-6.0353917687138185,1.1102795339813223,1.9338046842562158,-1.2264299144260409,-2.7699004463641836,3.835766373430901,-3.6810605736607935,0.3438175776779266,-1.9190226857923263,1.7575064058194516,-1.3579810317238248,-0.13700091464179961,0.1969098759456933,0.6087368839368248,0.5817610609500836,0.1440787606721741,4
2.0768259072280055,-2.631050456537832,0.2587377978625543,-1.5517226876911703,-1.563331438459967,0.7463763522025982,-0.5018691323215981,-0.6125816150484465,0.9469485507638633,-1.0560766177553327,1.125447267215301,0.4415214970006377,-1.0070416945005338,1.7033377640591814,-0.020137161970321473,-1.2809340525249084,3
1.9077611296617207,-0.6261444575673222,-1.215951850074243,-1.6310913391825839,-1.295709653441241,0.6557133668420948,-0.4216233806927825,-0.9435790950378077,1.159786398006713,-1.1275317981562252,1.3889510010660349,0.15147594461715336,-1.5030207495802288,1.2378896711711986,-1.3138512444680508,0.0029903340825696103,3
1.0055809517866245,-2.7613288651545758,0.3135505225425494,3.739851001490642,0.2896623583679944,0.3733197561295671,1.6378903930409465,-0.27628790873416176,-0.3113142398033845,-1.1080032972590155,1.3945603653679715,0.7626270173993883,-0.239652959423618,1.5872567165224254,-0.5109876329904175,-1.5622305209685825,5
0.2773396949158218,3.0548805493015454,-3.3968743815754783,1.678740051593465,-0.23499575444456336,-1.1417953164903312,-1.333651667891808,0.6830754726968237,-1.4863857011588104,1.183060143897572,-0.08088347632938679,1.4426152150026677,-0.900553613062852,0.04914842540629879,-0.16630418286685916,-1.6567438034395459,0
1.1495222689009985,-3.104033015217812,-0.8943941952246118,-0.08956345465174205,-3.1468694051823456,-1.9983350353190303,-1.2237850338334455,-0.5559765674191144,-1.9418064520849712,1.0067853921563228,-0.89607620965035,0.40460404806929295,0.8700638630657805,0.40118766939930256,2.16941049564027,-1.0202844428008406,7
0.6256679981604716,0.6805143773532004,0.045026395444049495,-2.752429047628857,0.7926324358446277,-0.44504554174546984,0.0685954509308677,-0.35774210125566436,-0.4850505535552073,0.3024795093925727,1.3965283194682427,2.3656749178293355,-0.8716268181436085,-1.0870437777085862,-0.4091510937106422,-0.30451493447919276,3
-0.8255547350156762,2.233997886133377,3.3372605860964883,0.974652117060844,1.082588045444629,-0.09884387528349434,0.406917999382012,-1.026429614929344,2.1271482233931223,-0.2115501894880887,0.721841837848003,1.1314026448724894,0.4454938447982264,0.06942170108980718,-0.7282698702964038,-0.9739315583527617,6
-1.9794503769836576,-1.6353241593125425,2.6614058293863727,-0.5495808848908363,-2.6688504551356225,-2.090300482490868,-1.4516282773806168,-0.3605932664763364,-1.6630373581425242,0.793715823273059,-0.8240281801278645,-2.3121899756260054,-0.34293022983641147,0.3397268256120887,-1.605201930001648,-0.44034459488474437,7
2.686420526035935,0.22166210920558427,0.3455992057222717,-0.6117285857378267,0.8581884759250137,-0.8107926989857732,-0.8761578902315057,1.8974339522804515,0.06177082119315962,-0.8073524075797966,0.03789283525731886,-1.007506810305773,-1.3928717238281474,-0.7064619935116521,-1.3424665451398894,0.9911473894736298,2
-2.7967013698353487,0.6453423414760632,-2.5351743195292524,3.0266452648262536,0.33731006158867405,-0.33986851405198004,0.3516599987713882,1.1615055942290855,1.2912781360736831,-0.12535181136626505,0.22185957833129416,1.330446754915089,-0.17896336382711794,0.21152367389494095,-0.9255262802001715,-0.35725912301813945,0
2.1736645237257557,-1.3316108039123589,1.6248598596471142,1.825390721411235,-1.2786005455729168,-0.3274046886096316,0.18787813861701413,0.1528614908605879,1.604991025093211,0.3529781916443023,0.7847610087937142,0.7778588127221098,0.48963389122282125,-1.3847813603853176,1.031943622785029,0.6546273994910226,8
1.3879323131759655,0.39565689269971166,-1.75835116372695,2.052546257554217,0.37929285648267996,1.2631664090733419,3.9795170077559288,0.15491152487309376,-0.6476929180628295,-0.006455146755184611,1.1770796824475442,-0.9630623155592413,-1.4027131952812009,-0.007205447279119865,-0.8365063895039705,0.6477247619824534,5
-0.6139060437612149,-0.43163027182757524,-0.46093175499117517,2.074352610345171,0.7084705895928044,0.787923857594643,3.6787108880910844,-0.4156899150262271,-0.4921627735301232,-1.0403658282963453,1.3115772427533388,-0.44612434191613304,-1.066534082249247,1.0950479538719076,-1.6791190937186136,0.032080695008484476,5
-0.06177053532519126,1.697436008913753,-3.483815780039758,-2.7606587679162384,-0.04210826499481147,-0.5349982736110608,-0.9393028555388527,-0.07131536605349736,0.4781197290937323,-0.3245434670937601,0.4834118045519792,0.3588613992151284,1.3882399123145355,-0.18922816731970493,1.121078364521284,-0.49529805876314353,9
-2.619829541155189,-6.125888684801748,-2.237310293105253,1.561763942626869,4.138803283976032,-1.468264727163525,-2.00615280944522,-1.732458711869346,0.327431917700136,0.30979875109372507,1.9087701077586217,-0.4116925502149723,0.7102216806633058,-0.746167044672849,-2.3274967200656684,0.504758668343434,7
3.860284005979298,0.5058585083853844,-1.3227021614759686,0.06026228064655297,-0.8830458805597537,2.0276921742447866,1.892930868219009,-0.5479887292641579,0.10765815925893614,6.872499987855069,0.946784062637752,0.2267302716969267,-2.035450072437244,1.1697866895646079,1.4367048224267671,-0.1295645186063515,8
0.32262869709822806,-2.6155707761163227,1.050147787636486,-0.48834643490091234,-2.5123428978912568,-2.4757061173669164,-1.4356397142970756,-0.22850851150633356,-1.0919264651835807,0.003343949393583866,-0.5712159944923768,-1.6039096621019924,-0.30770736563728446,0.30826702174402026,-1.5832926879725495,0.9249875247191089,7
3.0978158417926216,-0.04278097118571483,-1.9170345190708022,-1.4689718078425855,-1.1155082101363596,0.5577632039512771,0.2001798362973572,-1.5027690919583763,-0.3860861537379653,-0.2971004873103279,-0.710123361774077,-2.344284446698695,0.28549457892694713,0.7908179823488436,-1.7419628346302725,0.2612609078286709,3
1.10862811407664,-1.6871544788407056,0.8235164833442812,1.4640912529836203,0.45285236940103224,0.5446914554460087,1.7591053422122938,-0.4398758583079464,-0.1762169739953019,-2.0093688039258084,0.6467968168682634,-1.0767587477132563,-0.546098554060621,2.210696991370344,-0.7259764532512111,-0.9736755110898311,5
1.523264888238608,1.0909014008044484,3.8693619207787933,1.3419888555621198,3.6490854199840963,0.49815150210276027,2.290012830601792,2.5988715052074842,-0.49846362332030913,-1.4600380786839284,0.42550440165249814,-0.004703639331810126,-1.5506653362875489,0.7776844301853191,2.0588808117834567,-0.2215049378772572,1
2.317551187384309,-1.3222073668821512,-0.3567663764353306,-0.2227473352797836,-1.4489675357913467,-1.3262228837999215,-0.7202328643045183,0.33402447522841705,1.6296403910686494,-0.6057355562780592,1.4301999421659368,-0.246349595466086,-0.03548650769537243,-0.7699105295102994,-2.245287432567743,1.1003210851684766,2
2.198190022802566,0.37220574786391364,-2.2637000292843643,-3.129287751756259,-0.829716894261278,0.8069682787822152,-1.1032596574936318,-0.4504003561391531,-0.2953728854114661,-0.18288900090310667,-0.5027463617791269,-0.3336495976658915,-1.4236510963862965,0.4071233424760308,-1.837664892781519,-0.5564074566341943,3
1.0933989124228498,0.613947492048655,0.6308341616104622,-1.9686109176078432,-0.7366264812130987,-0.0779476794159959,0.08609097186609939,-1.5646926273278527,2.2870818326449918,-0.834106507399259,1.5099372163925562,0.11585857621445352,-0.42855522939098417,0.3172173254492034,0.502646603033494,0.3399465177775369,8
2.3616106302624695,1.9970748122096549,-2.534923379263105,-3.0350253922282073,-0.14954703899330346,-0.12732668808905623,-1.4266357907844578,-1.6664712697291288,-1.8870908160822433,0.4852816003851997,0.9219490348174962,0.886344366685213,-1.3826740438910006,0.4546305584979176,0.34098165320939244,-1.622116635585744,3
-1.0464528455606004,1.6712488886272,-3.6631007606433106,0.5730694419698836,-1.3478020200423282,-1.0906715526260853,-0.795958560366969,1.393735716820716,0.04032145786860294,0.09323236480610927,-0.3878127886146202,-0.046946924010967846,-1.0036999750611635,0.2105510848041363,-0.024354925811459937,-0.9272265512284947,0
0.20146524428733187,-1.1374758590363172,-1.2045859978824671,1.2817112138431437,0.49254170745453113,1.2774327206499472,2.298076282912927,0.384621931571853,-0.8505293400017114,-1.0658776723236603,0.08815132846397679,-0.49994882948258285,-0.45423347474301123,0.7508621189493324,-0.3547753402365054,-1.8362934901069428,5
1.1886503744705388,0.8494459299638608,-3.2566287133421596,-1.7723200150650666,-0.8539375955748719,0.8058653835625865,-0.7296814767883164,0.5056953846456123,1.7789686604035877,-1.0716026943225332,-0.023989484078248084,-0.33904706007187024,-0.32658720349400056,0.26766765919006774,-0.6056043971946081,0.0205607722638193,9
0.37963838568773606,-0.7777079802612837,2.54801784857549,-1.4597478791759275,-0.11091140013140843,-0.6626880802615317,-0.7967585540342011,-0.07457481287980738,1.03246515337579,-0.48689246260428337,0.2277881325872961,-0.6260592496412337,-1.0802460043121003,-0.25642925263807176,2.0670620760010547,0.053509033514161315,8
-2.1569840010460246,-2.1895771884700146,3.38056391889515,-1.16541375176485,-1.1403286894932378,0.2339581583869973,1.0738348402971891,-0.16278837748746786,2.177997854159479,-0.4124426786757335,0.4410433196184564,0.5069162137155286,1.101118673891287,-0.8064667296690167,-0.03384899386310224,-0.07411537195558064,1
4.221249098911195,-0.8908446354375115,-0.09128282158954065,-0.17389484830147484,-0.4494229211301159,-0.25368368505677913,-1.0309838012404218,1.0666474404033102,0.512987025852302,-0.3402626584289038,0.20588098086361156,0.21787326979125615,-0.5347290558105274,-0.9440382058140778,-1.6082432493847665,1.159276216834296,2
2.949482246673622,1.0499781789510487,2.557386250750485,-0.8065795311030851,3.3385536855810196,-1.043438540938472,0.6786095067003797,5.389795708478422,-1.3065393073286107,0.24164453378886078,0.38939714170106937,0.2849930842055973,-1.0113448418515711,-0.3138163627821279,-0.814602226705428,-1.1333886765381576,2
3.62071463871858,1.1264620850766915,-2.0400811947147734,-1.5623992681497443,-1.2929575278266243,2.103056184567266,-1.5343043392075437,-1.5114284525661157,0.957972455113767,-0.6508206379307369,-0.779009994047079,-1.267059640446256,0.39928578538994675,0.6705043589375718,-1.4149482052995253,-0.5280595199392095,3
0.7933943268859803,-1.5646918919826613,1.1773277937366484,2.207054085647205,-1.9070466997969286,0.25620939613313004,-0.28953443376412585,-0.6624463525936709,1.3730177663231413,-0.4290328102868734,0.07771568916411102,0.679821794198015,-0.04442335099146488,1.4016203345854823,0.6689064808769848,-1.1987161506641584,8
-1.3322885181112114,4.0568831824651275,1.6539930528062212,0.6827372468452123,1.2917077257220682,-1.101176173265098,-0.05531477157766439,-2.5614175723168464,-0.9282618976018862,0.6155973847423223,0.5692181780750203,0.2962677981274451,-0.7455392278590964,-0.18145633643553327,-0.1621785245138454,0.16626675409144365,6
4.418732708282354,-0.05555903548701556,-3.671378937557244,-1.001868004485398,-0.27220100188901136,2.356598937809316,1.7140175938816582,-0.4316322788430258,-0.3337625374121859,0.4855579399767347,-0.4138350745143617,-0.7807313874843844,0.5740094012429131,-0.6672404748480493,-1.1447066971277826,0.14273074821989662,3
-1.610480996693377,2.7895283478529946,2.9416304624603216,-2.375702501118907,1.6104334488121248,-0.4628896298676204,0.6720058485721959,-2.289092566475171,-1.2016223886608246,1.4760068728950446,-0.6548486288549804,0.7194944748130017,1.3606413324875637,-1.5379452164213572,-0.8570863104593671,-0.47811249539832523,6
0.4168793119299813,-2.2366634091039925,3.2865654060743945,-1.9844779573496925,-1.3437380768749985,-0.6961802409282518,-0.48395794219004024,-0.43021371332694547,1.6221483147888343,-0.6819007177754732,0.19993437760558275,-1.1626962593455057,0.6448640076223789,-0.0782906008169478,-0.1209622867057484,-0.03806939914428426,1
-1.4387402068763766,2.9018995962553933,1.0746993341173419,-0.8364233416240062,1.2853541979092435,-1.359389876259707,0.9406140890444088,-2.2972878899879894,-1.2914462621361487,0.7224883425092378,0.29731934455914644,-0.2250839933022052,0.894077345104789,-0.8600026918319823,-0.14951993738642083,-0.2103812765469401,6
6.233888344767707,2.160020484521476,2.3608491247878707,2.0467348024163803,1.9083163405285923,1.8237331022827878,-1.7607080769793553,-2.3605964727037296,0.09591198311052702,0.3074092287682611,-2.1035013250778767,1.062489432962467,1.4751055966983337,-0.9135036013894691,1.025526886984446,1.7934601747071977,2
-2.6693458207508005,2.759994738017774,-2.6075441975978806,3.075196768667365,-0.6945967414346503,-0.16686011903555995,-1.8528462486250705,0.6422759608079704,2.059748277637965,-1.1314171406526137,-0.33601612257939184,0.2066611756162802,0.4555918526499421,1.6539343134906772,-0.7751231657082086,0.24437507515350196,0
-1.461779605863896,2.9595841199285386,2.115671960004774,-1.094914136780147,0.7612835846138056,-0.351362414561411,1.0571492457033276,-2.6891465892756563,0.8611910816307301,0.20943628371540016,0.13520885256507528,-0.8635518111943256,1.4222682796972488,-0.4705804753933603,-0.42137372728547584,-0.3474580998386966,6
-1.7914501101516094,3.403778317548162,3.90428037944153,-1.4609122738444567,2.9150560299521815,-0.4811545180487615,-0.0730047258370069,0.12047590069604731,-1.1656856491910157,0.9914626551883199,-0.976068806919425,2.007305536023873,1.2128503039922065,0.27009811994966304,-0.9588397917736912,-1.127261138702563,6
0.4230430725319515,-1.802631350443254,2.544328980960493,-0.5018450411653655,-1.6240728135346896,-2.5586893008873783,-1.9521970328156275,-0.5988841919878837,-0.9945443766342801,-0.2577649810578874,-1.3501161733284361,-2.8917488585504714,0.12492947111577567,0.3144142175346559,0.6474053294003074,0.11868848198908567,7
-3.2310820363217734,-2.1530353899442405,-0.3574923035601678,-2.7145562827388034,-0.32255203312712594,1.7404924396114583,2.237523219531133,0.3452410420191118,-0.8006618705224063,0.11844597965645234,-1.1386533264534333,1.4027304268134502,0.2016982901269426,-0.3480644705344266,1.8560195785692102,-0.8440323831863877,9
-1.5964420355479112,-1.684330819727743,1.285090136449093,-2.9657660602613296,-0.6390769845498727,1.6533696402189386,2.1566167418944673,1.1052122040159942,1.5556553451296826,-0.904541278592398,-0.16882369353309562,-0.6543044961329182,0.8754771794172017,-1.0314950180057147,-0.7500811507319205,0.3424712511756983,1
-1.968089013725383,2.4990295626328747,0.31346015884508494,1.226087603114944,0.37119362323031246,-0.7717743827434922,1.2318327910402112,-1.8418319982557019,-0.9810911123078709,0.6926572359338846,0.6593671002822811,0.80930695175229,-0.9382175843351149,-0.21157924616120027,-1.0962794440977681,-0.7452707740892005,6
1.4418651333548678,-0.5799418844574348,-2.9778662046794016,2.207159538731301,-0.12269036275745514,2.047801301133446,1.5753703459415471,-1.2025455612382112,-2.1173925320082594,-0.975379772220052,-1.000333009972657,-0.3688176997442104,0.021403386254153823,1.8870573440237537,0.39798438172153805,-1.0356848924934992,5
-3.038720757251872,-0.8797579497965027,2.487155541417374,2.0784900964185167,-0.6253649439884157,-0.225085740202829,1.3415777169970626,-0.17944348456994832,1.608397816582867,-0.18632886713458655,1.012467846620538,2.148514148033248,0.26161807281386845,0.051275549863407544,-0.9814777597915316,-0.46947309838051865,6
-4.580789150368826,0.2820176724138331,3.5970673017590324,1.1981426607917436,-1.0207421596587705,0.7591516316831731,1.3355390461834589,-0.11111628950797775,-0.528489435338819,0.11856775557212526,-0.9535412659506968,-1.3368864628070218,-0.4520123690342018,0.24568014452603054,-1.5189655620527314,0.3389380168258023,4
-1.6640645176904834,2.8907569722820767,-1.4241556910317472,1.7336663138238106,0.2315885699475664,-1.3792628040408466,-0.9131084472781377,-0.011728852377355102,0.8963535552428157,-0.11207440805432667,-0.033147312323499586,0.8071892040393112,-0.008539796388960578,0.5764372487607193,0.25326629332997,-1.042653866332275,0
0.49521073185546105,-1.0810780564289335,1.6142039492172222,1.480001534261017,-1.817137751077072,-0.1586540610387959,-2.3337870441862747,-1.3050153781221203,-1.4808699129222238,0.568073838132188,-3.608958739143048,0.08294084466315664,0.4087366211882611,1.2189444796972875,4.381337466294425,-0.9780894498225512,7
-5.650119266391302,2.7619634593185105,1.6843115631542613,-0.5773141464502093,-1.437072903480596,3.125624742640323,-0.29788369771752365,-0.7643525816740648,-1.3555057447145982,1.4254235877540908,-2.582684198855038,0.7246434383848286,-0.8226788224402772,0.17496990501983284,-1.1876124300105138,-0.8491612270058464,4
0.7398991976438922,2.1098572567657548,-2.1088026255979724,-2.338442222417967,-0.037013042513653054,-1.0026922338553919,-0.7603713989006642,-0.41196677599093434,0.7117499395045276,-0.844224695408638,0.39479123239977737,-0.8899817701210282,1.4028947270270393,-0.45966770588890016,0.7227532142316452,0.24271391686597166,9
3.6534846977022584,-0.03632813923712687,1.58598347108248,-0.6412993898037653,0.700229235600113,-0.45381919834117396,-1.4415185777475994,1.9213237250228672,-0.02774133425950903,0.18281116913154427,-0.6159297504651867,-0.6103189833731131,-1.5347387501086762,-1.5891122233325816,-0.42790837384630936,0.06568483286713651,2
-0.4064760186288162,-3.0295244790727582,-0.25725794062313273,1.606515232650877,1.0457573109304386,1.1935675574195102,2.0166219168414297,-0.8353771804421041,0.5261713161226529,-1.8551236928866728,1.1290864352836874,0.4350191932780736,0.39380793419217547,1.2485398426095695,-1.0544697606677231,-0.8855847421649912,5
-4.418415715578566,-2.8956222495608164,-0.20466406073812618,-3.938586224968701,-0.33778108388186867,2.3941062465813103,1.5195376042087656,0.3292014910982522,0.23596232698127398,0.8227082688069359,-1.630909002944798,1.416263598070214,0.9243915998064388,-0.9531688432732432,0.18721969787415663,1.7955557659949513,1
2.9195164522020804,0.4143901542964667,-2.482068314062307,-2.2403902891414984,-0.9942002975063647,0.5602408881035301,0.6556338725565573,-1.7534470599410907,-0.9115250031309278,-0.23707720943766517,-0.15100804822850816,-2.154111571122293,-0.5142197241923636,1.030354752606087,-1.3326095383810084,0.4554638372035374,3
-1.7871834385753487,-1.2779811025519432,-1.4602660809353198,-3.623603868597135,-0.13224174687830514,1.9246140506788785,1.2145983921819858,2.4522402894577993,0.6005652340798111,-0.32315465174072566,-0.6919024894052485,0.7642542629279524,-0.6871176223387803,-1.6113942010701385,-1.3234216822817844,0.9717093299350955,1
-1.7757068598062777,2.3355332001302647,2.0032503855192108,1.016185030315666,-0.33691651944274914,0.2156249253733757,1.3856143867755415,-2.091540310321023,0.6740946412259138,-0.3069959201578123,0.9666395547998704,-0.9176851669280299,0.10732747632727734,-0.19828362257348459,-0.5043830845484091,1.299785755991594,6
0.48466827782639854,0.013918446178913132,-1.0520836640746893,-0.3844115422520633,-0.9204670527606477,-0.45892546581594634,1.167951895347441,-0.3054812830829458,2.083616491512555,-0.8068876008581626,1.8972675329377,-0.4000898847465518,0.08251801473331186,-0.8294758614488107,0.5661358540941477,2.4434276427476127,8
0.49086713675170524,-1.694828398783324,2.000774590632525,3.339962909358675,0.5487130761782839,0.1395278770126356,3.4804194171521914,1.1797385684541706,0.3252062105706688,-0.7163120704723401,1.5661105036067613,-0.43669929944516617,0.3021761911181741,-0.44659151224357685,-0.1626999331503694,-1.373939237910873,5
0.44615376842207244,-1.7494401982860692,4.413744775417569,-0.708167079404742,-0.47681459905702084,-0.7430442673291122,0.1899596877718371,-0.5708425498050811,1.632848754559806,-0.8445771290315981,0.5146844427548604,-1.5777113771540037,0.40740985340719527,0.017849415325409516,0.3067272379309893,-1.119725330263838,1
-2.580686658112697,3.3498543008533246,-1.3963262735688022,1.450351242807097,-0.9203676517692876,-1.063669031580422,-0.9393006244936434,0.5888317551669024,1.9636989862112533,-0.49535083253021805,-0.4480256313588262,-0.29031146688199116,1.210912015584249,-0.24640743251506744,-0.6074816774661921,-0.14447578515692613,0
-3.572564478365226,-0.7317722897907942,3.0807728265849774,-2.1956528208096366,-1.4830515544632248,1.8595282694031254,0.0396225617026987,0.3970049995063824,-1.0041546635276632,1.0539128798478974,-2.6582721510380543,-0.1896803843899212,-0.8931722667883206,-0.5853944213905005,-0.4155712302907945,-1.6652072925929409,4
-1.0971853658552715,2.6010277294533592,1.5120295028130382,-0.9688353224795908,0.6586031032304962,-0.5010750607832276,1.42343492149138,-2.8536833436299407,0.7454753143652451,-0.12756610537976507,0.8738063691382385,-1.0116392706623885,1.12265829226545,-0.2684662666293006,-0.014332643721573876,0.1125273587268356,6
-5.722708563681918,1.8257619161255665,1.335301769315332,1.3209095499629169,-0.868095575510304,1.0663403471420088,1.1239116050982139,0.7537014634401008,-1.3895765474964783,1.1433123778898686,-2.206283405593268,-0.15364431574902038,-0.7358761503969686,-0.20337931014933303,-1.0949543937787372,0.015505667414453037,4
0.39576324926532186,-0.024237540781289885,-4.094726421516139,-1.5591663297408984,-0.5733109659119,2.41478804903668,0.5200450994594008,-0.12366237182436395,1.1063467094619481,-0.4186593657035695,1.4457676678219507,1.9574159549861831,0.3106631904519615,-0.33345348600758523,0.7733171099878734,-1.613685132773999,9
-0.6993420479044378,0.42998730501680127,-1.6618896228228996,-0.4836762634981814,0.09328299300044729,-0.0337479827988094,1.3977030386690692,1.4119021546047776,1.2062649594001433,-0.8957398100068599,0.393237807003246,-1.2663048834414639,-0.6396873053109313,-0.8349289065685117,1.600909003517381,2.328489072178745,9
0.2863919799557934,0.7148469567531017,-3.3491385534864673,-1.938990602853765,-0.532958597969944,0.7180933657838278,0.5651955109575517,0.5787687467025208,0.9271365449003578,-1.221374378095743,-0.2850021170198754,-1.272641666940848,0.19585843791378005,0.4872043901015248,0.954689996998929,-0.24196601477286805,9
-1.0818016525761962,-1.1479936120330925,2.6502107541884836,0.2166103914742374,-1.6184881608833301,0.17383710049047557,0.926244815411325,-0.08836679221614539,2.1494726343443893,-1.223694074743338,0.20497950862736378,-1.0405285342612278,1.1239558827977927,-0.5837525889695874,0.6649794765388066,1.3317902564590045,1
-4.9101567698326765,-0.39475812420193945,1.7584058314364794,0.7079437819612557,-0.4705894200126807,0.08448736858532503,1.3694049746971166,1.3802636751860093,-0.13683899386177514,0.044898846491661544,-1.6633049988412079,-1.3562480939545702,0.3814727962500589,0.08002375350192081,0.41053696056152866,0.8098819723984046,4
-0.8279033774094896,3.471979003006019,3.010997993895997,-0.812724011956586,1.9327882664643352,-0.9036086052590182,0.7129200554820483,-2.2683146958393476,-0.2194154413455372,0.8702736337728678,0.908446104901927,0.8773268489905689,0.586924926334701,-0.8568477016411421,-0.674589923878554,0.020072958315913794,6
2.958037272674462,1.638188210851964,-3.6096680477250414,-0.48928933693983606,-0.8925621779890557,1.2816756607792823,-1.5831267873941,-0.24297916488781574,0.5508118566545851,-0.5480697439565484,-0.9217068939370937,-0.21205511658932738,0.834919410750337,0.28516733924593773,0.28167197769941127,-1.0052942907587052,9
-6.270650164400748,-1.0640412489614202,-0.1392131479598641,-1.8150783006814846,-0.4333348331826717,1.8789710259525394,0.00242765418856143,0.5001371232942353,-0.23121904587102443,1.120564588328825,-2.7738058172554787,0.17526311960773472,-0.5675212936836568,0.8562677745378994,1.2643482229642715,2.2915190741496536,4
0.6154516407483107,-1.6847345873017,3.3931657478108814,-0.7292968430445278,-1.0524129449079913,-0.7926321629750714,-0.010669356661263478,-0.40575883727378975,2.4040713849375104,-1.0601455983458308,1.0077725702821814,-0.5970232952436185,0.8476751700537126,-0.3874640474106254,0.9630065322693603,-0.3662784504133473,1
3.4412531037247995,-3.4648320198750513,0.1218334528928874,3.781402846176903,-0.3701235097523886,3.3824394835268476,1.3199504729529714,0.3243018613852628,-0.12870060033219896,-0.7807360258082529,-2.9737399356622802,0.5793711231903442,2.3006549721578726,-0.6754554411392855,0.22358277434454274,2.261019386073993,5
-1.8336157642757824,3.5682788198957054,1.2093029165547542,0.8630023629990421,0.8947045163672893,-1.550668559566539,0.26865563298837325,-2.2163779227766303,-1.4784174495300522,0.6651132975674772,0.24145005311757084,-0.35388199240578616,-1.1810593841552781,-0.2058115589014912,0.34335279423573173,0.36582941890316123,6
-2.2108455011688086,-3.8588273760672367,1.7890917658553955,-1.4430880437203113,-0.6263662081200922,0.06892813022786651,-0.05278542786023522,-0.5632204968962745,2.5975505623344795,-0.5376076977823738,0.8304115341660385,1.0300928642783398,1.5603899937591927,-0.2939722747585563,-0.01866315446011292,0.7103757818679522,1
-0.9214644262195854,2.2727693039227517,-1.9766715599929292,-2.2758384498884934,0.7826456219528933,-1.3177579650391644,-2.2986162785598214,-0.8068953081866896,-0.5009434535589873,0.5965053956423483,0.9537303688927038,1.9167975912777289,0.4900759628061343,-0.05418319431456946,-1.9274671730831878,1.649268672644671,3
-1.3095326365606024,3.936235905104346,1.8297615990888625,0.9408125539224085,1.3635525808814402,-0.3215479102445392,0.957515479097347,-2.448207041223681,-0.9318626607800105,0.2810833924413225,0.9986438690885578,0.3779674127041442,-1.1893490939639202,0.09944856575266948,0.20356552079827456,0.5933024758099518,6
3.236243678588472,0.3487710778560509,1.9398298089209318,-1.594180054029947,2.96006815120515,-1.3084935737645893,-0.8518637074298326,4.671811894741477,-0.9946613963658376,-1.1843910612079183,0.7159489752906764,0.8732863816449572,-1.951514889204985,1.303425486854738,-1.151386979156636,-0.2996614491765698,2
1.5427022488559048,1.0176171867338886,-3.603274801721808,-1.3162196675126592,-0.3187686471424155,0.18180688971967318,0.7513042967393683,0.3750855487565053,-0.050056399855064125,-0.5200991675299846,0.3396846661313851,-0.44656027827499595,-1.0745466439380758,0.4082055938577633,1.5449920420787053,-0.6652481573560418,9
2.5918234390613373,-1.1361968518567842,0.8154165316930383,7.3416675521558075,-0.5246263166212468,1.5963148193598788,0.3132196784883607,1.3565010676249385,-1.0337431441498806,1.5936672297735652,-2.395553229886468,1.8514468001655628,0.8257370184329871,-1.4054393181002502,-2.418299644526175,-0.08765743865299634,5
1.8653904247312225,1.2356251352571488,-4.391724206137223,-0.22235741036646148,-0.45559022597062515,0.006543632156626946,-0.46170967259935336,1.5419961826851023,0.9812677703469114,-0.053070114304050106,-0.5939005534376953,-0.5678960606693115,0.3841638419330506,-0.520362058961082,1.0718238385500245,-0.02240777484514085,9
-7.233663462456793,-7.2461735114464965,-3.117151836721803,1.6053657200557216,11.638569515424965,2.0700627914086356,-4.102658254016453,-2.3112847379968806,1.8935657246843707,1.772960815602559,-0.6251834998338694,-5.320496458655225,-1.7455860528257177,-2.0205281961723163,2.928592547543377,0.847898084473677,4
0.38566875986038407,-2.7356766834567443,0.3038341575256495,-1.5036487407661636,-1.6365896048636375,-2.272730254848222,-0.5649292249377849,0.15425039447299907,-1.7570315371033716,0.11973535776782314,0.24504967908457267,-1.6427796375540518,-0.9883160792688555,0.37361965502593963,-1.2805330608277705,-0.286890347458083,7
-1.3606507291253003,4.066148154251817,-2.4235868276073593,2.2428372827444574,0.2376696204913089,-1.1698177179947962,-0.1599554513582494,1.2791503467890264,0.26847145664676514,0.7457758080633043,0.0913534348162122,0.7729051967878898,-0.1947888517898703,-1.0595947086964412,-0.7685417329338866,-0.4652416001478257,0
-0.443019390982478,4.139012331934393,2.451863425146858,2.003954280367567,1.9698555941653322,-0.6958714853971654,0.07393736110550157,-1.3605846008793363,-0.24378621649097554,0.11614865659267241,0.9637524203478426,1.1319094731083656,-1.1445700171768518,-0.16939028902769773,0.18261646536174322,0.2173309809166262,6
-2.695772427888792,4.269067738696392,-2.683660607860357,1.4661384498471304,0.14273902326189972,-1.5883698801711914,-1.9297693144928985,0.9095514469327217,1.186465322686832,0.28948640460151187,-0.09889949873353118,1.2103556885052091,0.9191921097568163,-0.336171860095799,-1.5859761588863845,0.5991892832961994,0
-1.416262663245884,3.758324027691347,2.193732340643332,0.3867924787951371,1.9447306856634254,-1.6169923482668485,-0.15310268214649767,-1.8627598064370683,-1.948363818933708,0.8884291863829485,-0.00930088097635559,0.2345890932391921,-0.6351087208013261,-0.7213293925226578,-0.24636997895131785,0.051879442578481004,6
1.7581131484670247,1.6924178650430957,-2.9516873984859315,1.0005202348239477,0.7808895807742714,1.3030352829582756,1.5494190675282733,0.007922352073823392,-1.2518784409107353,-0.4266989063098237,-0.5291153806259159,-0.8608443552500138,0.11210322425029404,-0.26400173158350104,0.42425665462821893,-1.3849259679254409,5
1.135028979269368,1.3910866473330692,-2.778639707341574,0.719455940794361,0.4182691896421969,0.7053927654809982,2.1970677543830566,-0.4802013365256279,-0.5981522357815234,-1.1408843398795492,0.1670367429199775,-1.4185291578888735,0.2510515045269274,0.41468863527764654,0.18789977725363366,-0.5416118623461025,5
-0.9452793420834594,-4.0504969473314185,-1.1091739951559987,-0.010659665487529146,-1.806496320908932,-3.132505774315653,-0.6642734187520776,0.2692759191715069,-1.7782184755330688,0.7073861236373283,0.310263528284922,0.05334362261374823,1.361054033918908,0.18105455740326518,-0.07092750307932366,-0.25846217449212544,7
0.9722371322636589,0.5972239551201587,-0.40875193335726806,-0.999198358143476,0.4432797777649234,-1.2244781097408473,0.8809562179027371,0.3874240946992418,0.30365827632815223,0.8148149402726873,2.0532927384932447,1.4886747265288138,0.15390030084930068,-2.0541914466109006,1.0327336753736267,1.6397210619050344,8
-1.7349950701540475,3.264872115059383,-1.751135858154844,1.4788024725661406,-0.33520016903733096,-1.0572090760947395,-0.3017683757743992,-0.24625552069227943,1.26437709078154,-0.41173650644589166,0.5692891101329842,0.7160160824258687,0.0028828038255859596,0.5576399676314174,0.1534719565701465,-0.6527226681378354,0
-0.6682165704995782,-2.706108592246077,-0.015598928562343147,-0.7622468852771561,-2.44823769672484,-3.2685585906119816,-0.9601236404091369,-0.13657198940545773,-0.8921833963013146,0.20658718334979656,0.9593319782184607,-0.3874415588360241,0.42564549641244664,-0.43685253458852286,-1.8284929331273507,0.7793401024444216,7
1.197100892780464,-2.8387056464475586,0.8421624127967382,1.3566872685608073,0.5933701955590498,-0.47417780639130136,0.8045082278340444,0.29301368730358596,0.7433600326726478,-1.7030901106639933,1.103855408240073,-0.06757983296318963,0.0657700731798336,0.9217088311205806,0.48151009450515825,-1.563079384150497,5
-0.14852431276336966,1.3869475627182744,-3.2891942776768506,-0.6018241060671266,-0.4346984006784295,-1.4579155296608637,0.7452773789528091,-0.19475850019082183,-0.3242354604908938,-0.5599849737559371,0.2432202152196464,-1.8830271880303089,0.282957797026282,0.21724708732170703,0.763795605972521,1.985078464161875,9
2.3462634198252386,-2.9905177481799794,1.2990909083079714,2.8551431981023336,-0.28823496880536165,-0.04407184889277448,2.698340634728124,1.7026820764237691,-0.22402440766140558,-0.26572956609632464,1.058312865763976,-1.1317218720092652,1.0243727790835855,-1.407224158990284,-0.10869524652619555,-2.209117602227216,5
1.0886195494723165,-2.1516985949005463,-3.1262195379524584,2.9297313430250513,0.4288836056841253,2.0396703846604587,2.6263933021622514,0.703345340275258,-0.43898443472599397,-1.4463074353104435,-0.04043620408502587,-1.026058278583047,0.925140152982745,0.9165784855213445,-0.8461455375710698,-0.9684624022386067,5
0.02371691227276928,1.5025829883345225,-3.609456785827893,-1.7621142290820848,-0.9641864481237692,1.9394131821412164,-0.9443983974992008,-0.4026728981908898,0.487586799695664,-0.9767136050498296,1.2472611730963339,1.5097558317971478,-0.17879893252948792,0.7508470106491677,1.6150359089281536,-1.8881523950510677,9
-5.013475492044027,-8.597574385691125,-3.939762714250532,2.4850317796868815,10.077417150162832,0.29304257125933986,-4.039136540425376,-1.9976956562957375,1.2485030928119167,0.9279055083116728,1.0425477886533412,-1.6080780412450302,0.13641512805203299,-0.9884901827465621,-1.121610711002133,-1.39207981475422,7
3.8316603298078893,-0.46884616717040495,2.1278200048445433,-0.3615154957320242,-0.6500031692342466,-1.1248182914265352,-2.081556045287505,-0.49327065724024083,1.3216428912683027,0.020358606594399795,-0.020560988979086543,-0.5757094765569055,-0.43948974965656384,-0.5978687353721528,-0.04324157802481905,-0.5168548848871735,2
1.2195058605637263,-1.6463231063140515,0.6990387064186299,-1.1219844891883144,-0.7479713503326547,-1.872052913097694,-1.0264572319834693,1.3351931887960475,0.48177134853460235,-0.5388318634993559,1.0599457071092226,-0.29408712927760083,-1.1175124298045664,-0.6965288350748184,-1.438611698215416,0.24932612216866534,2
-1.6944678235454063,0.8950647902252443,-1.5291716616105961,2.3629653836496964,-0.8051692621833968,-1.1336163438577649,-1.2089221447545277,1.2675968105775868,1.5079712478964826,-0.6394340678497435,0.10211771570722925,0.6976542416906217,-0.7087125021601586,0.8288770852117575,-1.8555959285914312,-0.3705688253110339,0
-2.599296849061599,2.8349936328944354,2.55293564244865,-0.6611833406523581,0.47696762937496573,0.3112011690718007,1.298336338477819,-2.4658681957366544,0.3245018917056402,0.3718277576272338,0.04932821386524267,-0.3774741891699352,0.5550988593865875,-0.7287058433311536,-0.6187596898642626,0.34723100863613965,6
-1.79094248915963,2.4965072891015843,3.2981253990515587,-1.5856692013073528,1.1981543049931553,-0.22944936444636388,-0.15603428820000664,-2.118545008469525,-1.1833026623910896,1.5639892546371412,-0.13288965209055367,1.6997625480706173,0.29890418401145596,-1.0303152454619793,-0.7129207382141235,-1.131308369470359,6
0.5827812057240329,-2.1985908792307916,3.837011406345089,-1.9904834807220322,-0.4912671629196605,-0.11301250368327108,0.09639418832402104,-0.06563450416565547,1.6539218126248014,-0.9632354477318782,0.13458681976800554,-1.6952354188684324,0.19772861258635333,0.2354900835362594,-0.5429774909010471,-0.37878401563398034,1
-4.042225220974409,0.05367674981055321,2.792102981293228,-0.31364733658175065,-1.511241115654325,0.6167784065779297,-0.6629325947599809,1.1128558999582434,-0.0778629254636102,0.14150851560052438,-1.6818722475666472,-0.8069041952034753,-0.7521945869187695,-0.4043267449822684,-0.8848932261481253,-0.15222459091040144,4
-2.910700982238725,-1.7221478800733392,1.0788309171944397,-4.410939334507902,-1.9581277165853188,2.680547666308562,1.3527805596294122,-0.011024504959174385,-0.6726490998013798,0.9136864763904871,-2.085405347925513,0.8498219691619754,-0.9882186251812608,-0.22955675957275173,0.16847379116643188,-0.32083903641052597,1
0.5394849190331695,-1.1557383464264128,-1.5803974324609429,-0.45311016602419185,-0.7378569705870375,0.0020908415505528207,0.8294868846112871,0.05859052731825045,-0.4042338945745382,-1.0530945302680945,-0.4732090164529154,-1.1980975845757704,-1.26270536785239,0.9735134315160926,1.7311406820088864,2.080321266142149,9
2.5620996168794,1.1037402254349176,-1.5941283453466546,-2.515741827212711,0.6368576479896236,0.23989161232757372,0.6926721975825286,0.4295207905315994,-0.9090902515957039,0.7597161955567022,0.7875203569437577,0.5946273945260953,-0.38026772420303273,-1.72023460137506,-1.2265011632370755,-1.3293678022043882,3
6.289037828203269,0.057764218715499624,1.631014853489338,0.1421961759694411,0.7480758662825908,0.12004334481839374,-1.7578983185549077,2.2077588858463932,0.06839612090212387,0.8975415987482941,-0.309995889399141,0.4421249005722004,-0.5033461601070649,-2.081525470061014,-0.08327905073013996,0.8958263274149013,2
-1.0911370075642488,-1.6991534878204368,-0.372735256206702,-1.8386828438430047,0.4219340235783489,1.1957756602375567,2.7762742423832014,1.1484108775350776,1.8482200001502007,-0.7286956481208153,1.327260918332619,0.5357696474164881,1.1797187122652575,-1.602110709636989,-0.906984880643235,1.9289752680575571,8
-1.896953562916698,3.0984227563199784,2.4207357563377205,1.3514477739763588,0.8050200570715487,-0.3348989839032089,1.1126794236044022,-2.382442062032745,0.29871407435447067,-0.35842998054602165,0.6144704939399115,-0.6423154958837487,-0.6548972247917548,0.4582898933482181,-0.42918536558860954,0.8734409547467346,6
-0.9989495716516084,-2.6671450564016648,1.8010085753567968,-1.906254207596859,-1.0849951387036918,0.2715844747645533,0.8888340501542391,-0.4742038446258213,2.165565336394156,-1.0591205034931923,0.42380844543782026,-0.4616075394761146,1.242817619746659,-0.1795617988843888,-0.5045559916406722,1.392717830519671,1
-4.453351054430032,3.2174362740510722,1.1837400818395847,0.65822968186129,-0.9040563448314665,2.3768498210931868,-2.4364621645594275,-0.24415464223554334,1.0758699604111408,0.07148316112550585,-2.1464753893751105,1.3862507536966258,0.35138424052410056,1.0471253900567055,-0.3324883860172543,-2.1041435380084197,4
-2.123559427239033,-1.8904154057770832,0.3601267398430081,-4.856417716251049,-2.069681700895492,1.5074048256129151,0.0991870699120174,-0.08341151919384625,-1.7528429719409897,1.6951235942855727,-1.5350429007605728,2.281731166062465,-1.89388072513178,-0.724942593522395,0.3266385469558161,0.40692624427604446,1
-3.086133404588541,-0.22181093596547094,2.099804272560898,3.0626313958703606,0.5226059229190638,-2.243022321695788,0.424642819446342,1.0762303867141596,-1.856709577448228,-0.1439001375580501,-0.15947109041350904,-0.8400021433934132,-1.474191120692898,0.5405940994195969,1.6867919428771214,1.0265730832357156,4
1.831275320870467,-3.7161072837360436,-0.1789416737937226,1.7699054630831188,-0.7802230210116302,0.10715913654758308,2.814357365247664,1.5922407281365722,-0.00790849329304204,-0.5431255775789218,1.4501610871703488,-0.42797675304768545,0.590296854587893,-0.5761081079446622,-0.3119916232782252,-0.9710653073723226,9
3.3302858549015673,-2.618810309060729,-0.038934647266656755,0.8546787866011487,-2.8976599265876932,-1.3152911847841506,-1.5244532110155442,0.10220368230632094,-1.6256392478046002,2.367606039938013,-2.0894929615239892,-0.8758910697224205,0.8069956799536563,-1.4589532976190644,1.9191541008960278,-0.49004967111015835,7
-3.551027731356656,2.1255826683947725,-1.0010870216996899,1.1447652454154102,-0.496513856433901,-0.047498377511016765,0.6098248671018692,1.239482340583841,1.9956494638667548,-0.762694073587318,-0.5682113237445774,0.15683907565347133,0.9567893564819304,-0.1832549592814963,-0.9341523864534015,0.18347798841984922,0
-3.738461528939853,0.8716673159068974,-1.7770746156530577,1.7446029869029354,0.08254884598904594,-0.8891202127062118,-0.34173615767012283,0.15987876546509688,1.6251009181778882,-0.04231779522449687,0.08882505575675684,2.0028303506884737,0.9033333706584633,0.4243462132876389,0.1536134318694603,-0.05423858470851909,0
-3.366667296998995,0.05477474740040062,2.892122713380588,-2.283671219101254,-0.829850753393697,1.5502044166906912,0.5613364602129375,-0.24711397105664604,-0.9172232036806807,0.6549510338023379,-2.3488821957097827,-1.2161764927845835,-1.1015589910239088,-0.22381022155185842,-0.21103558244050843,-0.12940978598119615,4
-3.037226393537854,-5.692002282525009,-2.167921756542423,1.5086572906069116,4.393259268467582,-0.6626623152175823,-1.4235789219744226,0.16987576851274064,0.43426325690065587,-0.29452058039603524,0.9795837740629861,0.44295835925026317,0.1256237860739231,-0.008824232840823456,-0.5557281293987679,-0.5225485516512003,7
2.7006630067506454,1.2605145228812924,4.332996499779735,-0.6097403392412502,4.764230097244576,0.246506966964807,0.7889775717517459,2.921972036364463,-0.6188650796539878,-1.947340370525832,0.19404888127111075,0.9516778528151734,-1.6435028932972904,2.84522611783388,1.7069224925179793,-0.16598612126804665,1
-0.8905601757386324,-4.50177558793474,-0.7148561126613585,-0.7171252134991885,-1.4584780813523044,-3.164324880980891,-1.0877591312615524,-0.018967776631029654,-1.8171131343449574,0.44233065631306195,0.7092252201453983,1.0214905168944284,0.8253990331062294,0.8526497285920638,0.2162634266284442,-0.5234135797626269,7
1.5450038205466732,1.2313044332555354,-3.702924687231411,-2.346420610169056,0.033774196111687624,-0.09356217159455511,0.8734717369580729,0.7445056964892652,-0.6049150247136702,0.19513963452519917,0.695857457331814,0.3649024686391088,0.29573418555919945,-0.8773546792197089,1.28439483296594,-0.7427868658059193,9
1.4101227140451529,0.9671660636279976,-0.9967467613384707,1.2773929169215326,0.7706714169884746,0.4394837938953263,3.2323032546326194,-1.1507985179653306,-0.7546719960507998,-0.5150085404495857,0.7528303521649473,-1.7032366474895315,0.35844826834082844,0.06634164237808315,-1.695990299285865,0.9641859496113613,5
5.178294314667574,-0.38923330613964185,1.7802234501911174,1.5193089626969742,0.06554665947106714,0.7532389299875447,-0.8091212032359465,0.3845350426319504,0.8357155622089316,-0.12184306487583174,-1.7474932013812954,-1.0507201948997644,0.09455109419177223,-1.7035969449193054,-0.07348791514082913,1.6172608424747907,2
5.81656276796182,0.6317656116951365,2.5110666355195184,2.9115404236484745,1.068596170750543,2.0328180159257045,-2.245899783008568,-1.372887068161185,0.48499962771518945,0.07945865279876062,-3.0316781973453533,1.2623737312241328,0.7732942828861649,-0.5474127143823835,0.904962709680783,1.3180518798803933,2
-2.1127087285471506,3.1376771185767334,-2.717075890561384,2.227462404897781,-0.7009560504693124,-1.0599497268169602,-0.8091911997244419,1.7115455645386113,1.5979082708131738,-0.38266763897113804,-0.4811268277791986,-0.16746904312475058,0.24678407969637875,-0.33163531085261805,-1.1983032050675209,0.6490555822679097,0
0.3267752121020871,0.93380772942719,-4.347303087385448,-1.239801337913093,-0.5295811756254167,-0.5049393925130238,-0.49555410392395904,0.7830017078126058,0.7716414709461662,-0.534459054521888,0.10528032744598011,-0.12682659219672054,0.2967547531519451,0.543876886045805,0.5672119516027967,-0.5055722671511017,9
-2.770922375797834,-1.463108993829653,1.817912322579421,0.9367692065854873,-0.5487306970861593,-1.2559594730768777,1.796203811341842,2.3511254679404665,-0.25429592457741723,-0.18482922653393413,-0.242631979885133,-2.0424157028174688,0.7533116906443654,-1.1899324525577424,1.971119493702765,0.5489680909120437,4
-0.8020905304087459,3.434295589022609,2.619827659784499,0.5418154104371181,1.9097339830675604,-0.7844555928480184,0.42863976085182615,-2.2394806571899633,-0.06063395257350835,0.27711661767298146,0.7325168513477888,0.9298994596450222,-0.7662624298596056,0.07891889359677616,0.3849219458345902,0.11125119179053318,6
-1.5194021192745633,3.5047063894328185,1.5962899567677897,0.471256122968942,1.2486822862411344,-1.6345347135617916,0.6039962892325955,-2.3554961346369194,-0.8312831854573257,0.5264654140799698,0.5437302682422904,-0.408748010570802,-0.04028392374511063,-0.5598771213963584,-0.33946730123255064,0.5047415530316204,6
1.4186795638677654,0.7191090286884302,3.0473169135401954,-1.7865606470481183,-1.1897626325532196,0.4119859486897112,-4.020923201426398,-0.0030318988571423075,2.0613775250256086,-0.19261031920463534,1.075907190986766,1.3062062568638348,-0.46480830362652775,-0.8199959784823729,-0.1897194601785366,-1.2383702472440086,2
0.8940068997053464,0.7459361982229438,-0.13571673757660227,-1.5728296385550216,-0.5455814938339186,-0.049360887427094234,-0.8959642726035135,-1.503559451716855,1.7169654331781603,-0.7468384902864413,0.9744688213074735,0.37202843521223433,-0.7265824456090069,0.6674093721490211,1.7907616126862562,1.8100636666603027,8
4.139850141372932,0.13769635776676284,2.615682240510234,-1.1382807353248827,2.14245336964028,-0.851451764917114,-1.0571569279459598,3.0939657442123782,0.1461722412950877,-1.1954518744413487,0.42013391822546414,-0.2507867388186647,-1.5332419241998319,-0.19796403534358167,-0.3587815405260552,0.0416829117295322,2
3.821876275491429,-2.5324783421957844,0.2042933529313025,6.878687898465015,-0.35301303626784497,0.5639787195121523,0.5428475462383077,-0.9349034889904767,-1.5153707191001855,1.2759040309632352,-1.8252470303756139,2.7442359615215293,1.999334207664045,-0.5249296834429409,-0.28808722360659844,-0.43420643920231355,5
1.4642427147761021,1.178779094264423,3.9525294087224707,-5.6567752210448905,4.122160262466996,0.5673249954220585,0.6621208012593727,3.5614279912948157,-0.9002860455930098,-0.8649434165585365,-0.41402087932207815,0.12502479822473572,-0.7563779656556371,2.5073894054096892,-1.4119530249290897,0.09092294280207587,1
3.075674336305772,1.4776005926644176,-3.44925883529484,-1.573251497200865,0.4755332511577323,-0.6984096642262034,0.4075386172652419,0.5028238285226017,-1.997200696566662,0.7093817606984392,0.1750932823584908,-0.22366370694451035,0.9840462536319367,-0.8294788527139298,1.4964918810266976,-0.96221414411994,9
-2.1430090275357654,4.042242503233151,0.7510769251010467,1.3889532822514683,0.8316150605859471,-0.7493414264504483,0.6254323300552691,-1.9058966098189813,-1.1120777497423562,0.14858292728096315,0.14822852357395305,-0.7254405901951274,-1.2186761945518227,0.46251707090628047,0.2889415544404532,0.02364146099509517,6
1.8733751690937137,1.3223347160181482,-4.1885445646766195,-1.5568282398726752,-0.6969890625568324,-0.04693382145751444,0.02366618490310837,1.371011101612035,-1.1447221181133402,0.6465514926529442,-1.4335349732051514,-1.4321713815282604,-0.23401471351879347,-0.6912105614826115,1.480542100319759,-1.2077826951779782,9
2.6998426393478265,-2.20182415894733,-1.7662856817239088,-0.8387082411982001,-1.6446574545324057,1.0781754365595904,-1.2150079152119602,0.10580363091740645,-0.40981320209286576,-0.6174334574273919,-2.028146196738903,-0.06428993776925951,-0.5327291295457344,0.5130857782488148,-1.8249336927890973,2.441311020287436,3
-2.109401045997692,-2.395967813490968,0.9723927851875575,-0.7445770822518036,-1.3204249967182087,-1.0688705521704582,-1.0692326573405735,-0.8647386683688352,-0.06362234224833486,0.2808664718292964,0.18078274398102867,1.4388757990909493,-0.7411315321009445,1.0976045413394164,0.5953948658092654,0.04219265616681977,8
2.0911892135425396,-1.5322017068280736,0.598644181876068,7.4361029900414355,-0.6062463059724147,-0.2535363207478901,0.45987025851993796,0.5105577523375523,-1.0790540879141404,0.6509732419830415,-0.8602906052523959,1.751754368010306,0.9432670511511432,-0.5335854108333806,-1.0264040070452607,-0.9878181545569535,5
-0.2922550744714266,-2.8249339797786974,0.49571073441505414,-0.7757316034362608,-3.0172304449005347,-2.592929883484527,-1.4814618092761127,-0.9256181263242207,-2.2988760264514667,1.2151692319197898,-0.43035771989226496,0.6539096422188757,-0.15784858056609816,-0.06878118950955574,0.3445166869828212,-0.6039408063544277,7
-2.127565089736447,3.0878820085944856,-3.135920505379084,2.4748599178270383,-1.0208555386071547,-0.6082209948891073,-0.8429852663679888,1.9264109542702101,1.91528465219996,-0.44860948719680405,-0.4851330900370113,-0.44041682232765594,0.2530882554176237,-0.296641951548371,-0.5010696763156391,0.5255670693830035,0
-0.6956823104484873,-0.184055619406817,-2.0980271177634693,-2.044052238201457,0.08264711855334626,-0.5404933065578,0.7042506012994945,-0.010969046686657975,0.12690404436910827,0.3099006317610441,1.2156480660224256,0.6540071012804961,0.6103905594555517,-1.2367427702612577,0.4301374625658286,2.2914206997144593,8
-0.2709671748065733,-1.4965305747488233,3.47090113744364,-2.101351018822739,-0.6641903377539148,0.24002610789569964,0.3020749389036289,-0.11495248403786675,1.7365610029666747,-0.8084565476453478,-0.2827623654747795,-0.7879616471170141,0.5904356517573058,-0.5752064496189048,0.4981712926789994,0.4793956252512806,1
2.2262284876277936,1.7746485522759563,-0.7030811753203091,-1.549209347845437,0.44123742954407985,0.8814913299496827,0.29229123126261297,-1.0807569153894034,1.0486533311031099,-0.9194616470923956,-0.13701924689628553,-2.6094309185521882,-0.0007379102223071253,0.15364452697217656,-1.0286630020572336,-0.21331380076080478,3
-1.050882487753556,3.9119850980090227,0.8316499228640595,1.0711762306027766,1.4148727209914362,-1.071226277934123,1.2343050045676927,-2.1504820170332204,-1.5053110582031732,0.24407413050665705,0.8521802668844335,-0.5448737124032365,-1.2144795433605786,-0.20872858517799367,0.7257608953087022,0.690180909647151,6
-1.8485175048726838,1.836582580452281,2.294437830344453,-1.801852959001124,0.2645868681343872,0.033455452141926086,0.05543146397338527,-1.9001898949744709,0.7484972718012728,0.19249480112849618,-0.6977165954416382,-0.6322479177650215,0.41583435899137294,-0.34999102975820995,0.11689590025698854,0.6022910175721166,6
2.006285324931292,1.0962038209818274,-2.652060270648456,0.3393097572027741,1.1779662610502715,1.4955831010097402,3.0985582918181676,-0.9613884200513986,-1.8501055441751595,-0.01654875383479939,0.5966108466498927,-1.1514174801507797,-0.3483304911474299,-0.06082216103949359,-0.6640504440183291,-0.1345878292769605,5
0.7463850130039492,1.3603199914306974,-1.1566814921503283,-1.7818914392987313,1.3939311854650498,-0.4062495048871203,1.4791369038312763,0.6192918053232274,-1.8979742478187591,0.8060787372642881,1.3910010622944158,1.4530123771600576,-0.6825447836979954,-2.0197603589924245,-0.7710254755048939,-1.1434426154093165,3
-2.9479855342291374,0.2226920613570203,2.375343162057723,2.389432850531988,-1.1823565913332756,-2.1585228876111104,-0.17337663395986777,0.6982498837484824,-1.9754255168015376,-0.027312044041114206,0.01578431105276849,-1.890850148773986,-1.4588125232618419,0.05281078004004532,0.4415928398289869,1.0264601244400589,4
-2.852325628162396,-2.2750087988670034,0.9654655290013733,-3.957734133999209,0.04134587433260558,2.2513487800624077,2.255519488611616,0.30897097895242304,0.3409883896823184,0.5009438581302804,-0.7139527456204458,1.3719521998965276,0.9791935498533547,-1.1827761815174787,-0.5085483828429409,1.00562945597596,1
-2.138709382880618,0.8237469293821738,3.7159735371172733,1.466452910195146,0.29442298480215384,-0.46694786162819374,0.7644954832274895,-1.15147519949927,0.9069298473023234,0.15807347017900367,0.6654731973909873,1.343135283090991,-0.5798516706054323,0.02437757132006162,-0.11369452459453191,-0.6567495195570485,6
-0.5411477311272826,-3.04910331282367,-0.5541237561099996,0.10467058404844871,-1.7149697201542402,-2.753677117227432,-0.21234948724833227,0.6476759353008711,-0.8841327256565619,0.23030026302159917,1.1877366640737559,-0.013597471383008352,0.20496524251814774,-0.3147216848871426,-0.8766058617022568,1.2413704992136447,7
-0.8316535237965158,-2.110960203806151,0.4756272544545421,1.1089943352878031,0.36233432859399206,-0.34741920371917334,1.038439401134597,-0.12794572607503613,0.3586704528383563,0.005362600777443706,1.7627336741260862,2.2244523765058632,-0.603273693506463,-0.011910313003032694,1.0604238235450676,-0.2472609959916681,8
-1.2810606081786173,3.808438449207856,-0.8427762136087542,1.7226801536750147,0.4110162382883321,-1.3917593718751085,0.11763024516744165,0.9587437690654413,1.8524504681165148,-0.3166805187281424,-0.5092696586166239,-0.8346158970758286,1.3568203295812902,-1.480001401263742,0.3533858823265401,0.3429452630097983,0
-0.6833292950101819,-5.044263406078793,-1.045874308220859,-0.6337477461496265,-1.2621996991538726,-2.6022515868514984,-1.0047158334915474,0.27155178524437673,-1.4431197145475785,0.18497136221096844,0.691589484664245,1.2958610632125174,0.43554688785756085,0.864560386203022,1.0648479924007508,0.1889166191990135,7
4.7534101502400965,1.692314078963932,3.05098494303883,0.94213240861501,2.2565988054586983,1.3973489180775198,-1.4487611711268373,-0.5219830849966005,0.2764061223739015,-0.5021931310188394,-1.3652584934090406,0.7708936424634358,0.2338293349587854,0.18914445879254319,-0.16327358855332633,2.263513001254505,2
1.483169862296679,2.2261633291421674,-0.9641264880238927,-2.817403885066044,1.8781695359084387,-0.36283173493944737,0.37924758347385734,1.9934782626754948,-2.5014054606976903,1.4359199485643097,-0.6020247599568657,0.7800386031187388,-0.013743985385809804,-2.4271849937141594,1.2741828332181453,-1.693060639652395,9
-1.3102055464964402,0.9620897086847918,-4.321065746319256,1.844828580707727,-0.8880484414809269,-0.12556906831708697,-0.10832849068212373,1.1260331909133698,-0.6881309111923687,0.5643341649914616,0.3745280217647645,1.4952482403674672,-2.3694183801722937,0.6325507924742948,-0.02887044221980715,0.27057045378550837,0
-0.7808180682451957,-0.6425351825718595,-2.3934070875615565,1.681297661772203,-1.0160971551641693,0.6196191581960339,2.13910855949447,1.5460233234687848,-1.570694432836042,-0.6386333395368005,-1.1257263487748252,-1.8793759400197216,0.172074612853146,0.8388285572136729,0.11037552931678953,-0.866953076898555,5
2.408020355667086,0.34206742339827073,-3.159668138483981,-2.312729798552027,0.06479706015075415,0.41849117435420596,0.4254654286047986,-0.46732770286099823,-1.5390453049104906,0.6868047070177713,0.14540417585562265,-0.06429566239285954,-0.5666279179938501,-0.14773122307354095,-0.4886376462228655,-1.715858667165408,3
0.8377857305141405,0.02673941117779762,-1.2053583771119427,-2.1250664354493374,0.25014733500535036,-0.28164860594013075,1.4119209077806505,-0.9637803920634711,-0.6319983717265377,0.85960088054264,1.769696512039889,1.1680109062255013,-0.03405381059107662,-1.4601408414185852,0.18880437913595968,0.4731662163120116,8
-0.9921972736028232,-3.8482539380719474,2.019518600393768,-3.4727430647331436,-1.4206815780905755,0.08207004675306717,0.2758846851322959,0.617155798526727,0.8601162663228169,-0.3543515391858426,0.012467139026946955,-0.2001158024183214,0.7743007255722957,-0.4482321573663458,-1.0817283161336224,-0.3913337222174527,1
-1.3415030778130292,3.943732237477513,1.5642466657040264,1.8164965449257182,1.0196527069998134,-0.4124439105849138,-0.34094999277935745,-1.4660253220360993,-1.0827468824522621,0.4314840546122679,0.45514989066087647,0.5531356444766701,-2.3823731513934847,0.008799501963426765,0.3120722327060973,0.12873833928235187,6
2.8135940748311508,1.0708736627431363,4.203351588541766,-0.4363431816245168,4.567244504696004,-0.2989943276622252,0.523287382659374,2.4856225979360573,-0.4482136753355293,-1.9227378768809469,0.6590253434509155,0.8129599851865398,-1.4182752381257693,2.6075391488077675,1.4717504009350824,-0.13067552039841285,1
-4.292235655690123,-0.23802865001117715,0.6448356836197712,-2.9667435471037686,-1.1044136555095667,1.2801811441644766,0.4865595520086902,0.09048967817192019,-1.2170291887607578,1.323983746811241,-2.7546150355079897,0.6638990157477365,-0.4999364063034344,-0.47750359965107525,0.9102645265286479,0.07884741649134781,4
4.663661477042884,-0.5320464154341737,-0.5142396905252552,-0.6543355293711897,-1.1564792591990747,-0.4380167804368733,-1.8676807676053182,-1.0070004081196577,-0.6337392619325859,1.1636437682686633,0.025315029047294633,1.161352649164345,-1.3358458930137695,-0.08129942257922924,0.13522592402962574,-1.1458815858237377,2
4.279239607876939,1.1829906741828737,2.420035126683892,2.767534712723562,0.18225027554368453,1.5723088448889573,-1.3129370228410924,-1.2426651154216795,2.512283483846354,-0.7899804856521689,-1.0612206371264175,0.006518371669487255,0.9170236844707752,-0.26289605899829094,1.6537149156538324,-0.24423689037363572,2
1.2097105775530241,0.4019073376959564,-0.5719567448189252,-1.1183125560355418,-0.33036379269991584,-0.7634559078319588,0.49960264487605055,-0.8001755441241158,0.30214196564587037,0.40572795911562254,2.0242614688288922,1.3387144814577492,-1.0679216341656934,-0.7590979356142628,2.020771011206429,0.7613330810836497,8
-1.7935367935858624,2.0472408649988374,3.1545781539203444,-2.342019144248437,0.6992880419221196,0.2717910465933383,0.7472049001567246,-2.593519444485416,-0.4411590368864009,1.209350686016739,-0.5811831693974373,0.45038952215119643,0.6045200134205744,-0.9589087712910234,-0.7502318957783147,-0.4956506407244101,6
-5.538156263040145,2.8190028440183035,2.792763380915851,1.389440676469386,-2.4335793563407644,5.859169973526013,-3.277752814148857,0.2135413092941062,-0.8572450212721674,-0.08358052900338982,0.3895836388853778,0.1964389301691408,0.21154179917689483,0.8637024038375051,-1.4366172654564076,-1.7669612056428443,4
-3.022675208300923,-6.836195697822784,-1.972299676090925,-0.21195380161001265,2.1589845933852745,-1.5780444594330942,-1.546788617611076,-0.9769057566222188,-1.2469461221586287,0.6739934452265591,0.9288048665985519,1.199449859371552,0.3494791006286147,1.0591467749285635,-0.3288746206287236,0.4555156443599635,7
0.3398977027008341,-1.3375238854196978,3.328361373429073,-0.6111519367001791,-0.6622973005575786,0.15968415385882875,0.7046702885047434,-1.2956922182890545,0.5470356871531102,-0.49185988299183686,0.48997306007348,-0.22108042555064955,-0.5658719364643473,0.4969783707393846,1.1857952623217218,-0.3772184833392189,1
-7.643942312834436,-8.016199527426819,-3.4593008229010658,0.26995687372523586,9.455174952876435,1.2775083877257944,-5.188038657693424,-3.3955454928918627,1.1849958689701117,3.3039556816384654,-1.479401870425938,-1.6219379906446663,-1.3465330344515019,-2.09410667176785,0.7191363578836801,1.5052722147268998,7
-3.9475988057124765,-6.391696057146638,-2.661052446090826,1.2460342935577458,6.2458741456715625,-0.42844450189544103,-2.5716787225649482,-0.22325441233342874,0.4571653818179111,0.258863234086768,0.5370307077148789,0.24293726345855043,-0.020581598134053653,-0.6539281719048282,-0.3512205212865156,-0.9546608714275986,7
-1.3048375699774732,4.800045181332546,-3.388393165043004,2.9136025091767284,-0.8235751548242454,-0.8405751724687929,-1.8315968640731988,1.360151621115261,1.1959172867239567,-0.22461257839287174,-0.6769262718147745,-0.7223282481698181,0.7402319685930259,-0.2201354013137604,0.20725144381295385,-0.27447419366099157,0
-1.2544146281127406,4.104639106607763,1.245312799347264,-0.045856307849432905,1.626432909305424,-1.3434277196335258,0.5679262218709094,-2.7829808088138073,-1.3898153019395643,0.43228173072180015,0.40149126705632887,-0.5108534061790232,-0.4700383073677953,0.024522525735013134,1.0022362193116507,0.160998750134759,6
1.2979074066907155,2.1662379796016937,-3.2923013629016724,-2.19765636844022,0.5160276983442931,-0.6036148481668769,0.3269667256612876,0.8750325604239488,-0.1794360460993501,-0.33440640502195423,0.22735488863548112,-0.8887894610513729,1.344443855838018,-1.1698221922540852,0.975364346690718,-1.1270401293611387,9
-1.0185372687739243,2.8305550569882425,-3.471764942684303,2.481169961416606,-0.7182798493168454,-0.64752527989647,-0.6918563199993741,1.0860914377161637,-0.1947920297724531,0.10528550483930015,0.01345635960073288,0.8025503317758881,-1.8151433507748613,0.8773761570288723,0.5797946671184703,-1.1178129929355607,0
-3.14819551117827,-1.9703137625200415,0.14103984323610624,-3.3639464307449525,-0.6846871380425232,1.8742498670632952,2.2014468556863975,1.124241184700036,1.1900634236887175,-0.3453062920342774,-0.6028799539437466,-0.0035940175269432366,1.3575960696187892,-1.0468452264529065,-0.7232084226388723,1.2398835665349732,1
0.01643922011336518,0.37307702842373264,2.0652932009913156,-3.3737596132612544,0.299009075264809,-0.1711195691028115,-0.09236223167206799,-1.050124871196199,0.6746056678651144,0.5389713133831797,1.6144668155249944,2.8158891920271323,0.1591033537214534,-0.7788792500314697,-0.0682403484362108,-0.2533339069868529,8
4.162420608584339,1.47287663145806,-2.8024410202922776,-2.2622950004873936,-0.17110658870283296,0.44696028459180676,-0.3748000141453352,-0.35479961774996427,-0.6227539040166642,0.9404408983729882,-0.36765184633573733,-1.3810546307917633,0.4429887661277893,-1.2830477742140591,-1.9933618612764805,0.2530272878539962,3
-1.0001148127145565,0.9811708176222892,0.792506918689783,0.3594122856967515,0.23054819335563187,-0.18258840705454163,1.4785775714084126,-2.2130746846459965,-1.0383727597996097,0.3936923202783644,0.5653285130579384,0.46268204667841295,-1.2174293192980943,0.5825023416397362,-0.673294924909125,-0.11791719185388877,5
3.0988934933626484,-3.7648545119447814,0.6430260035313426,3.514498205606899,0.24217206899354327,0.7342168366774263,1.834416878237267,0.6931780977265934,0.034744486491138954,-0.4338335890231562,-0.12258505699340026,0.19664171340215292,1.1357806864248363,-0.22574027917435063,0.18916435800188983,0.0038477671591765988,5
-1.219178901499598,2.8335777838029412,-2.1764353599238686,1.3054398348804395,-0.21625862442695665,-1.5794848896387936,-1.7039638954912024,1.310419763421744,1.392912976833226,-0.20333856242400705,-0.3033324588019138,0.6009177986047642,-0.09431609224536779,-0.24076324874944788,-0.49148465524521023,-0.453349412687404,0
-4.042759499988756,-4.567447762185003,-1.6930780661506806,-0.8384680421130469,-0.7796100508749,-1.4137520669588541,-1.006994805337366,0.5816982511736573,-0.4058288958862037,0.2744045381772381,-0.2675325263939111,1.137976582781883,0.35512798687735164,1.0539333064735117,0.40860200679409603,2.0797946235840143,7
3.2431157102108252,0.2922054858712025,2.326837689115658,-0.9382340547600786,0.8554574956663633,-1.542208455844911,-1.7177106591545561,1.0868028678162187,0.23841120325088092,-0.21302544273047902,0.42678580650539716,-0.07962395535580612,-1.4358889297293158,-0.945935855743703,0.1312684684735102,-0.6425189791740059,2
-3.0580498767792736,-3.376736315171105,-2.267367980080729,-0.7403236063659377,0.9973639371595394,1.1450552990876455,1.4161526109447389,1.5873558213807966,-0.5479317155755685,-0.8484269759386075,-0.5874154730323821,1.2103892504631677,0.6568734456739104,0.42604069994376115,1.864257316920636,-0.9642301820066781,9
-4.554785302678472,0.5025418139077058,2.391995346514376,1.9489456938178493,-1.3650844617428721,-1.1886931472125426,-0.3079299403969309,1.2046288604162654,-1.6805543307162303,0.2125739145827671,-1.0329210270992373,-1.8718583363448011,-1.2107294514758464,0.21272832548234266,0.21592437518465643,1.4803406665680232,4
1.3205140130652835,1.7075495352211898,-1.7358998468719098,1.3634536610655956,1.2084652919754937,0.6839322085438446,3.1495330860916333,-0.09404916177420558,-1.4508858135033775,0.42588211777985513,0.8117725358668539,-0.49423327754731,-1.1400883029741713,-0.8611041745871468,0.008852992156998023,-0.5237866605091838,5
3.408148220902941,0.4394115108688329,-1.6999403051331134,-2.1290080747560403,-0.5889114711162169,0.6265915180363891,-0.02672636016326653,-1.7528320024476676,-0.965842785225524,0.058099796320243736,-0.0020036809232295374,-1.4182183988531614,-1.7383345872770135,0.9720776345538852,-0.295880292111832,-0.8545735327337917,3
-4.421372097218191,-2.761610939336077,-1.3898259754372908,-1.4654206850752294,1.5068487587451598,2.174147849537781,2.087464435130147,0.038679000319630084,-1.3507933626552917,0.27763428879855495,-1.302947057626807,1.9749639649896662,0.15002441500133187,0.21447611041239178,2.047416799814732,-0.4357781024018569,9
1.2084576212100986,2.0717021621431773,-0.6652799639789889,-4.350383859665442,2.331219343670369,-0.9413251400454355,-1.0123957761874507,1.889323871603658,-1.02659382958791,-0.4376254848278073,-0.8777337258771833,-0.9629002131312365,1.228488059874067,0.09325720305103812,-0.44081311214582264,-1.028820331347438,9
-0.4656798710300477,0.7772941021536975,2.118998406783092,-2.09395001232066,-0.6214103197711405,1.1951024527904295,-0.7959858166206106,-1.4140502956498737,1.2695696946917332,-0.003428645178676946,1.4767419485032331,2.736930051826632,-0.1543051547448706,0.15875248576688225,0.7649624385753083,-1.0912153190805527,8
-2.0619515764111256,-1.7558033664727357,3.378943495524924,2.840003951591306,-0.38028417088513694,-0.02131016416449096,6.005268664262957,4.757927660498077,-0.8559592439636604,0.4980590691475301,0.691637893531833,-4.6527741689880475,0.34177673274988574,-9.455487192895976,2.3488106937117124,-5.726681454993537,4
4.573524321736268,2.500183029156989,3.272630478252872,0.7417643132571973,4.378922256522155,-0.9769566838841163,0.47319479052797697,3.5364319030858984,-0.17707648513733978,-0.2958529581551917,1.0818181111471727,1.1190334825299646,-0.18197885462329363,0.5365175566234397,1.7427280474257798,-0.92102404848186,2
-1.8297254471232527,-2.5603339012947917,0.5791101543717444,-2.8073466582203586,0.24869516812558157,2.3350213132884305,3.0203607028486448,0.9377941124022835,1.4537063223823739,-0.6836810558723598,0.5042815070700813,0.6064710320752875,1.3261315719319187,-1.119479910959444,-1.328042557952035,0.03841712961318787,1
-0.707885650266517,-2.334613109683993,0.14797218324395728,-0.36268097311985287,-2.6363515161219695,-2.8127505366573193,-1.3260640892038367,-0.48672433055552494,-1.1461087932135832,0.43017157767166625,0.8773223221378728,0.1361288047334015,-0.07349259369128106,-0.2489944689179397,-1.8363824472644186,0.6256866269306693,7
-0.8736937409866228,4.128655460062795,0.5629246556940376,1.135212243475982,1.3637100953783186,-0.7967961525811424,0.9653354662496006,-2.0614655295982476,-1.4536880648658232,0.13156066777279124,0.49373578856979644,-0.6609759185728644,-1.6905803597948168,-0.011131253159909,1.233487901748504,0.6276974161512764,6
-1.4243225796899703,1.5744278655148298,2.551390067439796,-1.9237291560159433,1.112928982738233,-0.06981826216170338,1.175859161084353,-2.360799974224563,-0.9407918965071093,0.5886888040490729,-0.18765554513674543,-0.48373297269751603,0.04627243257106069,-0.43118540476576145,-0.5178963296911344,0.43889990448898486,6
-1.6846548428500003,2.733912571615589,-1.668902689956636,3.769483945467592,-2.075448420851843,0.44467827545428745,-2.2983654003986875,1.6286952754872752,2.263412046782375,-1.4247831172552852,-0.430795079783426,0.06949950306126375,0.5850721080034147,0.6366413917222249,-0.853504196243303,-0.9333289195457899,0
0.2395817294277892,1.7482606521456592,-3.0006015632879213,-3.068677764958299,0.6310101869710536,-1.0773732087430152,-1.1091317454938139,0.21768457378719175,-0.4562985013068232,0.22203811374869425,0.09709240157529878,0.9375825571817127,1.1965340586517095,-0.3443049974537692,1.1738931217590882,-1.2734107730654478,9
1.2583108046664422,0.05005862397826614,-1.1004507100038645,-0.29055245224344156,-0.9944646637848604,1.018260131414391,1.0406332055517344,-0.9555079194004118,0.8681314719410702,0.1914169670985865,2.385921430298379,2.184230705215538,-1.2671705347659823,-0.04647862233021704,1.4426953037855583,0.6745453159146111,8
3.6436290180787143,0.7404308559710556,-1.175953867884791,-0.9520420088748329,-0.7079061172877871,1.7576370824158822,-0.9777803196615472,-1.5965924061725072,-0.562368345609182,-0.7536535448660704,-1.5967381398353497,-2.294747459616064,-0.7915563056322177,0.9485125079081226,0.14222590820140316,0.5842578372580673,3
-0.9746785648513907,3.8210272922068698,4.947322573516149,-1.8327101557591705,4.910253776381448,-1.3215103503557986,0.5312607321420222,2.0413765572298046,-1.5332069709663372,0.34657945393440176,0.029695182797747216,2.6179930285928075,4.694289955669842,2.807492520040066,-0.8818074260300255,-0.434762612066095,6
-0.8896055724435714,-2.9810722389333764,-2.8512256272210226,0.9756394176144482,-0.6210657643153695,-0.9842736006699048,1.8205169663783982,2.2944931200049252,-1.4252048660286607,-0.1986856119694706,1.2984280322188526,0.6066112610439865,-0.35036006125153735,0.1389928761070295,1.5023006820882319,0.025019685906937962,9
-2.287030170748193,2.576080258974514,1.408466275902973,1.362315353117119,0.2409595014674291,0.8783821262939598,2.352220503653652,-0.9755890782915512,0.7109816159843897,0.058701960587285426,1.1160666510573858,0.8842489510760609,-0.39298528927211646,-0.4152795789489344,-1.3040015594693923,-0.12430204653484127,6
-2.168301158278528,0.9085608294011128,-1.3817607154064244,0.762458666951166,-0.35196025338135256,0.08676817455521856,2.3513844424309536,-1.3123475490438683,-1.6183610110422921,-0.1852313740752558,0.17942766665694113,-0.888612401463628,-0.12784979441862396,1.032887715753323,0.4850479857809371,0.13614043787203753,5
2.3089611579118925,0.59598453115926,2.5564170251447167,-1.6420674395874728,1.8131571058023233,-1.9195467051967028,-1.5153120008175185,2.18774931522561,-0.5560576129401165,-0.024293592332551073,0.44096257548585277,1.1178112757913798,-0.18132825635063465,-0.42528017505186577,0.1237731952317549,-0.8645863447228166,2
-2.90321192208927,-0.09353831348219502,-4.074634483366462,-2.962638718878646,1.8932957165228559,1.7354034873013116,0.8029606731568092,2.6207189411371132,-0.33130784174270894,0.9971006199652974,-1.9361885857168215,2.364500850959958,1.2948819428298874,-2.303642738074941,-0.11126262796765672,0.2748278523246659,1
0.004060923139832073,-1.1989497852441025,0.9518669438514034,-0.5784174306982889,-0.9900948969411889,-0.3962260505022322,-0.8391675566967606,-0.5894246640491092,1.8361278211439234,-1.3702978316476329,0.09937397880667069,-0.049539020058345505,-1.0994543312067915,1.132119546545169,1.6222175199624702,1.6887490753567282,8
-1.2038418245271119,2.926547917383446,-2.6184945096927095,2.4681836110021846,-1.2517773104715073,0.3455689297073229,-1.7762003500695847,1.6766339573382356,1.6909664614789868,-1.2025833887418953,-1.0961397858611415,-1.0062601651947507,-0.5569172200040087,0.877408324079996,0.35020056028531965,0.14294315416161502,0
-4.737123294854157,2.2142738413233505,1.803808698316058,-0.7174558036525597,-1.1223978386702507,2.4553961391084402,-1.1354806236970238,-0.2944321171906916,0.47081008694809595,0.9291136274628664,-2.844847364405869,1.1343395108302958,0.37256207950677195,0.37594030172378784,-0.9372810304751219,-2.005658782947563,4
-1.8857569645603245,2.31680123339717,-2.394445969866608,3.062949127105508,0.1559276241274789,-1.287443621346479,-0.40128441080396415,1.3563672998472147,1.676058711203853,-0.3949572588701188,0.2819838232012045,0.7603542983399532,0.11894890547869894,0.011202421707096465,-0.6963185272048023,-0.3969081623382422,0
-3.0522930973637075,1.9661553983830584,-0.32066561107373454,0.1358802910873245,-0.7944610150827294,-0.7428167324003081,0.12116250330057804,0.911468113137221,1.836987486332736,-0.10642592946601162,-0.6732551002386302,0.20205362979440414,1.2571775600961599,-1.0617592142185999,-1.0304995694499604,0.10552245092483123,0
-1.6573484140517492,-4.277026614097645,2.187717302420829,-2.922352765197302,-1.2010355892675149,-0.49665906600971926,-0.7698383922144953,-0.05007892412651624,1.3333331241881037,-0.24023896177427717,-0.0819487055753031,0.5190203708474184,1.0163670583864102,-0.5672819163984307,0.16627312691849416,0.4024299904132154,1
-2.071698389365354,3.206030922181422,-2.18283463479069,1.590135037579439,-0.15273457961653297,-0.9201478257362738,0.051977777979683955,0.6094934296894269,1.55578669900907,-0.4827874156561183,-0.12961410528916636,-0.3853482593366465,0.46661358050524004,-0.005819678870564055,-0.18286691176257952,0.24253014472701598,0
-2.140119388606787,0.5079058744833642,-0.9875046590244685,1.3529795520306684,0.8170325819226931,0.21226109855526135,3.4470887783456323,-1.5377086917828846,-1.6923904230505096,0.08918087890800673,0.9009734376860649,-0.3651971424639078,0.005729989444896342,0.34787378924327733,-1.893498103452436,0.12518870104311647,5
3.455031639190359,1.9779357869362442,-0.18367227285130813,-1.9006541477651322,1.3656567853554706,0.16314128989952376,-0.018213895668388533,-0.34896188950532087,-0.6788171462697791,0.22559057594890103,-0.1933693427211446,-1.8361175608559976,-0.9784385010807715,-1.3883573707300574,0.0064495942543923105,0.997022758762526,3
-1.677186879509428,3.219300598616047,-2.8392581155561687,1.8367551016334003,-0.6263952386984134,-0.29646033735273675,-2.069684455857168,1.0476540271778958,0.9459480515136554,-0.3924255876397481,-0.28632888174767657,0.5592424858246717,-1.1529124150485806,0.8974739607937098,0.14565954528136008,-0.46459297107121533,0
4.585996710941581,-4.02537154696941,0.938016598068109,9.102995302867852,0.13862656088131106,2.396864298696668,0.9685554414875697,-0.8005811466188889,-2.2433930168777767,1.3899964977805896,-3.741121138578121,3.4980957114410502,3.6377790783975317,-1.3144556730447718,-0.4271365822290004,1.491062302882832,5
1.1891283809970365,-0.5351735396356779,0.2734824103586218,3.475139029283393,0.08230585937657925,0.22366448133939887,2.1412024559115412,0.5757499195052285,-0.6241363577075635,0.24328458688121157,0.15145671415797743,0.1610010985546176,-1.2904892156323033,0.19831967836063485,-1.0776483674854616,0.030432579789996285,5
-1.1979547417291507,4.103340629583311,1.5103466277216995,1.1972254319193423,1.1783650174444973,-1.6812914222538828,0.5608346968667015,-1.7385636737898895,-1.492849447309241,1.3132239904803158,0.9452153766929106,0.4894455663802193,-0.5784770015389726,-1.4700925980610193,-0.8443771926141111,0.43952672906235773,6
-6.1120970879989756,-8.638982494434973,-4.5632936868207725,2.654136739714226,12.909410300518585,1.1678430581717503,-5.462024366761132,-2.5570949193468593,1.3142385535653645,1.8425773491979869,0.18093094013869584,-2.8485880067760565,-1.4532476442626836,-1.66046301962109,-0.6275248447716113,-1.7833547127274685,7
-3.3956346613506616,-2.063158672141422,1.2740830957242395,-2.3286429541606437,-0.15939547384954417,-0.13141278511825677,-1.6246814712089557,0.31794379483010937,-0.6654485485655549,2.010569804304824,-0.4640174745374648,4.1803938721128855,-0.5482646669038395,-1.449997389321884,-0.5094724804795738,0.4469161219575524,2
1.2158759829573642,0.7944996692284387,1.4245188124714883,0.2361537487624712,-1.3445862727895734,2.4102983662454482,-0.9987870009305206,-2.40049795026808,1.9338409354901727,-1.6694474771012644,0.31654153797989093,-1.0609512001142345,-0.30290622378409693,1.795518096898741,0.4333858606632953,-0.042634453820484815,8
3.2769791143305804,-1.098580145394245,-2.214809450162871,-1.2121635723688506,-1.4129401362387572,1.1399912813379545,-0.5572264288077615,-0.4228787962802602,-1.145707034902417,-0.2543012855826283,-1.7811965053788594,-1.6107848160337839,-1.2662674308066078,1.0225541925618868,-2.0473559497213683,0.5455252454172442,3
-2.32700517061934,2.9605887909662307,-1.8361085845291327,0.8456512688328136,-0.22871829976883443,-0.7863932013641167,0.6364069628258728,-0.12724642012748175,1.7773691565626295,-0.652302451953281,0.010280424482100401,-0.3799490888694727,1.024133327671736,0.3365877159944104,0.2151841890776445,0.2524598360937388,0
0.5841167090921382,-1.2170091857405956,-1.2442725938036596,-0.8849745299500618,-1.0766162441457117,-0.2805613726770045,0.7591871578294578,-0.7000734329773991,0.6085984734348289,-0.14242612438070998,1.311734576743827,1.0526327259141952,-0.8595796790727273,-0.32078248678127186,0.8179573994187269,1.426704670422388,8
1.3075072505691148,-2.165899487058316,0.4979317058970456,3.8854075875968626,-0.0003479095509709695,0.5212893925018511,3.141452045786665,1.0334287605038408,-0.7336604710720283,-0.5405932851491477,0.6980059977266666,-1.08690439062361,-0.25536981896399985,0.44204097544191884,-0.29162511778499073,-0.4781770113571724,5
0.19660466679216593,-1.7456149972826651,3.080396986733926,1.9408726784925225,-1.962268563511784,-0.12386247851089864,-0.23637511339041484,-0.8174594004204967,2.1187852786863766,-1.0387010691999832,0.7718588982521407,-0.33348661541984503,1.29276133622748,0.3040895307646784,0.13183141785060318,-0.8064595165971332,1
2.020945341836562,1.750415046655549,4.651655651745702,-3.2130333542876133,4.609273866489166,0.1562829574859021,0.7707470907844818,2.15476692200855,-0.48516383145736264,-1.3802884949007177,-0.1928808003216457,0.13384379687381165,0.9472120313347104,3.460001915519588,-0.025010310980961712,0.9768842495570991,1
-1.0723150169455604,3.245451325323468,2.512796475251589,0.5859981090228463,1.6449747792758735,-0.5728806878308464,1.5137267511562624,-1.4595832483715416,0.32688086315743903,0.4072240641766953,1.386405909646085,1.1505955784811872,0.12503279815076146,-0.7983277448454633,-0.7360008723255508,0.1491563256178715,6
1.3892664281968914,1.0824550240332496,-3.351796738703615,1.20683022127149,0.8928870892403994,0.9104917956608719,1.8140152016338087,-0.9703751946213125,-1.4693730546311885,-0.4689126805998718,0.5367698723257059,-0.5033419892915608,-0.06065548978662659,0.5342769632409706,-0.259586018197887,-0.8632981667977601,5
3.1782596666258063,-1.4242755067862043,-1.9867443766418018,-1.7302219584013196,-0.9182051843939322,1.4561084958966528,1.2027617187838657,0.41808580789467636,0.2819816033716627,-0.388548432155438,0.5602397628423154,-0.7646064776394818,-1.7110383636881388,0.5869173649159063,-1.0872053887633215,0.40979389184948173,3
-6.226703723193349,-8.529674010737098,-6.48718508622754,-0.09614042000566084,11.457233079464038,2.4081667126008672,-5.4815270001941805,-2.1190200130422423,2.8756841135846267,0.8071252122100638,-0.8123082909799816,-4.1788181538004645,0.7625995081143878,-1.2760005433484363,-0.13827340437156863,-1.777889215110458,9
0.08612105295158325,1.7467447726480663,-2.766777021750051,-2.3143712545988895,0.03509932257731261,-1.4062872595475795,-0.5260361948166276,0.9010163864197829,0.6670860148175716,-0.07573702478032225,0.4298608967330996,0.3330202361712432,1.8076569433459808,-1.4518526464553472,0.7886902727523762,0.08271376113762938,9
-1.633772733700314,2.3947881810722005,-2.4470696177350786,2.560997511441215,-0.9649125642057932,-0.8783338631424926,-1.643962220956843,1.6741459925164477,1.3447651933068232,-0.5927830855498235,-0.5076811329511726,0.2166736139801642,-0.912072154880673,0.6514634782152842,-0.4231591673465426,-0.26767252794956015,0
0.9167951438143372,-4.156223811020906,-1.2457651520431632,-1.8574256767310156,-0.3394036624798184,0.6219330737385056,0.5421658366265992,-1.0015021959047112,0.7921349139519648,-0.9802133127573345,0.9534942950756231,0.3296210836693124,-0.33525820092834097,1.4948016159351483,-2.249023155199045,0.6669069058078884,3
-1.3652622916395705,3.2014307090369445,2.1056839100793576,-2.3080061195465764,1.2862719848416238,-0.08237717663501895,0.8130878719633706,-1.9638298572775144,-0.05223256025894861,0.4943141929982503,-0.2828305044514174,-0.4277670968436647,1.8460437257400424,-1.2066908212829237,0.024015520226541947,-0.41993613318110595,6
1.9582611646475894,0.37253233978191674,-0.18247059614953523,-0.49548270682794904,-0.24762917700316067,0.48090695895962193,0.4578891423262976,-2.008674798018437,-1.245678413858045,-0.12450293695614417,-1.4243879091409468,-1.9334907168815822,-1.1850910006724573,1.6703646361189666,-0.7859552742382274,-0.26272520243654457,3
1.3738965129465526,0.30292903045591835,-3.903314686729238,-2.0873732112664376,-0.8437676833925043,-0.3988139856638805,-0.11232530295702402,-0.04505303982400392,-0.05630129231955101,-0.4267220085287974,0.3103661766200016,-1.1461090151903386,0.9267957436030042,-0.02887830983565088,-2.6623652266498716,0.0016322049945149879,3
0.7116468520423738,2.373503667570874,-2.6595920475306496,-2.088280385842597,0.24990080556746205,-0.576531956002328,-0.1921941958764862,-0.9973512886541679,-1.027742598267746,0.03144487115892348,1.240978163470144,0.8108318278413745,0.13779566714313501,-0.37888727469598205,1.7319199571219126,-0.6776167256224045,9
2.5787230666405887,1.3762632399273347,4.074836460128649,-1.8984910932793837,4.762766545499613,0.019789995483067247,-0.12868314451776663,2.9114088878638307,-0.4841564502266457,-1.7348968467546468,0.17489903385286829,1.0494307120506479,-2.0675912932015685,3.0173054513033257,0.6946917445327266,-0.40899233397933615,1
-1.5746434852957654,-4.5717715838157345,-1.202055708559446,-0.3368499378150908,-0.1440189398821236,-1.9951446020213122,-0.43109392281935005,-0.6009254735203702,-1.5694906469554546,0.0213886064254071,1.0349002682281065,0.8071031307080786,0.6296991309546435,0.6876145123481083,-2.55349483082218,0.7342754189085647,7
1.0778456315271576,0.13369011938414074,1.7383528258092158,-2.2536953323720708,2.6957963979437634,-1.2208016445852032,-0.030560739740499922,3.9764419296994538,-0.4302783812518766,-1.0608241245820147,1.079140560797592,0.998467251492671,-0.785373034380984,0.4515747061395104,-0.33157545883475376,0.2680556788225555,2
-1.2212025753671663,-1.7160569825686969,-1.0723186995258662,-1.0342691523832104,0.8374302136197627,0.46380605467621505,2.6925349930290823,0.8784282507429508,0.9674648263182486,-0.37928813670395045,1.7731701399855564,0.8803840849524447,1.1347313823362515,-1.7985188562035102,-1.3036421126130866,2.6088550632749024,8
2.204742295557536,1.5326648274052583,-1.451215387968554,-2.05139387825803,1.194088435899167,0.24987777145027337,1.5937666266634574,-0.6739927783564846,-1.5674411166341846,-0.3729445998050607,0.3739568733224099,-1.0841015841386472,-0.20379502759121693,0.03939292157389214,1.7991621797994806,-0.4014273568770796,9
4.797189277276608,0.09894301323936845,2.4270215677281497,1.3388088816981378,0.7032392931564262,0.6945991210167585,-0.5315145329201816,-0.209790835833733,1.2493461895399562,-0.3701851877441072,-0.9407741448653333,-0.6444632252254072,0.17688191489593785,-0.9658836491961498,0.21635885910415334,0.8692087114334054,2
2.4598441867774157,-0.5639032298429234,1.0633332437764498,0.5937988682862445,-0.9784530597734081,2.853865660032947,-2.3654915306000546,-1.0387085777350924,1.2917226968144107,-0.9948673074087597,-2.026670564265763,0.12690890147229297,-0.6490405881387611,0.7958296719030948,3.542917320820135,1.6585327477002334,8
6.154805176568466,0.9349968765401281,2.3591435614911265,-1.0132880831557576,2.8405847297748523,-0.25564098922216594,-1.3993090793843745,3.276735777911336,-0.3110641543877129,-0.3813852237199642,-0.3745623461354777,0.3811268673251374,-0.12584653301410487,0.12913958929328556,-1.3853003882407193,1.0928764649990437,2
0.5905796955052129,-2.2363299169572515,2.3223579906730882,-2.6864245391337827,-0.6369985719198,-0.3416742011668019,-0.4207885583128996,0.9822378521897805,0.7728732265773127,-0.5041539380890883,0.02140863124385163,-1.1818496216346095,-0.5934986173605554,-0.3555822527510298,-1.42674223173737,-0.2409336332799893,1
-1.6548843229210968,3.047125674681883,0.7361781602265233,0.5756406604218409,0.6727320282079108,-1.026579497852185,1.4937807538302703,-2.049319161025261,-1.452454432014328,0.9291024331628982,0.6984488062557146,0.015373124354098397,-0.8389993743690949,-0.7481200304680322,-0.5163999568606457,0.2928262000975527,6
0.19230797349956497,-1.4099497260856038,4.032469633123701,-0.6890268286288673,-0.26634576507371066,-1.0161001247418981,-0.1609305410888263,-0.6816324566407063,1.027809234460072,-0.35803471662066805,0.053202457332624374,-1.3523795143877873,0.38358022923010243,0.21670194582876093,0.2100807664648811,-2.1086056552706216,1
-0.3988198789474466,-3.807575428378494,-1.081890343933741,0.7546803606205813,-0.9226211782189676,-2.6331038723571187,0.004872274545850763,-1.1259422094785987,-1.8321088827538492,-0.07877702762510395,1.4663493864151016,0.25757955968016916,0.7803296817595651,0.3473165635045703,-1.9699840953519914,0.23650137955279585,7
-2.320465359381453,1.339160130145959,-3.443723842074877,4.2018545371580895,-0.9332434032770212,0.5061884117818227,-0.4674432062117384,1.4416535571824418,0.35282239259229353,-0.4787900492073748,0.102799947931423,0.9165198785813818,-1.1883656363304762,1.3122877290559667,-0.7512928052601485,0.4214324523830434,0
2.316362266789622,1.5848518190217693,-4.203947014757818,-1.605246347951031,-0.14636728742403987,-0.1333814620369922,0.47775275390963984,1.1557005427203886,-0.4346445571818628,0.9103071995464542,-0.10580499484797891,-0.35873983456793057,1.5391158372062588,-1.9080780468956875,0.7054377441677896,0.017196348452716947,9
-3.803084768756609,2.1271246153745107,4.009085237731369,3.3295631155727006,-0.7876103668799764,1.142179605916573,-0.7210217499487305,-0.2132252525266689,0.23802506483368302,-0.174774830093212,0.12267296231351538,0.36769803022132763,-1.6947924004255737,0.8116895657117273,-1.1571092189601637,-0.550187959809015,4
3.6421422777911294,0.4425585569767916,-2.021579335397338,-1.8743927263566091,-0.7924252622204869,1.0494486026959906,-0.8637505795078271,-1.4235212680490401,-1.2796536812068477,0.32068304750023346,-1.122674618909604,-1.1598660268391248,-1.030002331873102,0.24049514271834418,-0.7321989764214311,0.9093320499211782,3
-2.229480459499251,1.4296353997731341,-2.8477244829626085,2.0129313515928033,-0.6816820157195871,-1.4496637095395348,-0.7287517491993448,1.9893171018171494,1.4042885925676485,-0.061726080946636196,-0.42955205771939353,0.02198085357896036,-0.28605344268250915,-0.14751907647730647,-0.39850416498336666,1.0497535417299406,0
1.4192047534367562,-1.8762657706557522,-0.5357972840339404,2.2201609281107526,0.7003772897472964,2.9421125614581563,1.0768269315373746,-1.4991833186426435,0.8438559145502766,-1.560564398113576,1.1147029555892,1.541877621882402,0.24107351338373215,1.2684812847799023,-0.438992330328319,-0.18712853214505187,5
1.3920985389099876,0.7365384593713983,-4.344376441700976,-1.3311630158373764,-0.2684915106124901,-0.15282496472186394,0.2735491821834648,0.6822399640984534,-0.49932186512299753,0.3616862650089938,0.05167834902672529,0.05556943997770255,0.2456479427409751,-0.05265234028183457,0.2766449602533751,-1.2306535183213987,9
-2.915978713399727,1.1738771783964261,1.883770325267974,2.8196619218224233,-1.3669044618655533,-1.8274238720101101,-1.081996678038467,0.7516616349764376,-2.3352973099041248,0.07060215519850617,-0.5395039399512439,-2.40587925242278,-1.7998429038378443,0.4202839876285287,0.6757989911684065,0.9649845823509788,4
-1.002340901282112,3.2473847204803024,-1.9224491800489696,1.9731397048238857,-0.15506487563175372,-1.2637136975134462,-0.4307834132104096,1.5791623636369483,1.8804867941061703,-0.6285857255787285,-0.2529404992921243,-0.5970038536717474,0.12669251914483246,-0.6608766292724632,-0.5571282191420244,-0.08451360797384588,0
1.5726773589323413,1.7783493879498116,-1.0666172575967656,-1.6719917675260036,0.331224138177915,0.7686871256130265,0.4232123951774839,-0.6421436000795963,0.845199349640887,-1.1846224713911908,-0.5309622527571506,-2.6803535251920065,0.10332157000537977,0.13433947094684429,-0.07748655923878012,-0.7435045718675771,3
0.34467348323694136,-2.8789181625669418,0.015497088830353205,2.514775392885861,0.5266870316885753,1.0087299100305627,1.910331050343344,-0.1320140510017907,0.6197513138242886,-1.61003191312587,0.8442400613254326,0.3798344643759776,0.21897677617877387,0.7819308918603148,-0.5477468469473714,-0.17273925831377113,5
-2.844656354597823,-4.501106865290826,-1.0843717630660392,-0.5802126033474956,-1.2740256962728767,-2.3673747295495686,-0.8415109948955043,0.2995849973697067,-1.4168264307305627,0.43634313733183805,0.3397376519649892,1.2701148901285044,0.1960089216659754,1.2379612399176665,-0.06823642257019949,1.1197875170658997,7
-1.0422633738387013,-4.750465065459921,-0.009325361164261501,-0.5296124328842758,-2.1904926152858857,-2.891644547483548,-0.7441839679511014,0.2684637280597051,-0.6583107234376204,0.13181240834694108,0.43556146245023325,0.3590645044281062,1.5847931791607075,0.45317665799883644,0.45545215789102733,-0.03524015483208589,7
-0.19473658715936668,-2.0037037592387885,2.644346563644418,-0.5741603275155058,-2.017107291462288,-2.4227198057179473,-2.2767464317342703,-0.15776062792257775,-1.6250962779335805,0.41159505570406363,-1.3872275835764813,-2.0430245795323354,-0.6494454089470756,0.2243687786902821,0.4040489006684072,-0.5163008598612059,7
6.262689972649397,0.557888098926983,1.8092692892457494,1.184662384754795,0.5048298346805954,0.6900409199803132,-1.5612590957184889,-0.18958176411175234,0.6894664999552808,1.0478220569885273,-1.4246869179119004,0.0417686559288647,0.31348711425485515,-1.512161336269622,0.7152452470821664,-0.14089073399671043,2
0.7776268432990143,-3.2831770024850706,0.04700220456576551,-0.9785585532179771,-1.9792833933261538,-2.22461470548468,-0.8212691601081332,0.546889180081836,-0.8451931105027533,-0.38822462128470425,-0.06373943630406433,-1.343500746446281,1.1176373200521916,0.35943437351209434,0.7509186639977132,-1.3787475238076823,7
-0.9160323959988359,4.568453359069611,-3.4476723619590883,2.3869917346889338,-0.5824387279135754,-1.6513919169578626,-1.784935493955001,1.3679922660058994,1.098767461257883,0.12742398303139615,-0.4544113901989459,-0.2431428278186583,0.654058303201667,-0.5810468775876495,-0.10115246500383564,0.18152539033870924,0
4.324437518254505,2.2776517040321487,3.001386333607332,1.321856774053662,0.8567900221692527,1.3748729415538203,-2.1098483310545086,-0.17887114740672916,1.2886449286350699,0.08335139003980613,-0.17458480574444937,0.7314905259181952,-0.17154155553108433,-1.300124122712716,1.5618147208205697,-0.4720497024221725,2
-4.915059707812669,-5.754789229806424,-2.9178446004782796,1.9965180551821093,5.338376918758112,0.27390683009650296,-1.3020090483315516,0.5386924790932294,0.1859884409402444,0.11177835702582936,0.3523824737607377,0.7894882966676656,-0.46667241194002196,-0.13037671530707293,-0.8234826509981965,0.33232403102840136,7
-3.931531535935906,1.2078277759425338,2.650124078659342,2.5494004007919515,-1.3890592001948603,-0.26188087002313415,-1.1954670722983725,0.4030712385194462,-1.4332976953814593,-0.017141174090653563,-0.26664445282017446,-1.220080709327081,-1.175305787850545,0.5115379894901395,-0.1465995765531693,-0.1334472977671213,4
-1.6972044248459464,-0.7303556348596748,2.8403997813008384,-2.873958777695501,-1.6156401734330896,0.8238776878158,-2.434033034626308,0.3559903494127685,1.008438893559271,0.9432430678893511,-0.656033135899423,3.1649836714107766,-0.24240766538780525,-1.6531608208552975,-0.6416300895647795,-1.0876958001305068,2
-0.8865534508792462,-3.172562472072356,0.16529510015911067,0.9430494577768631,-1.2440364737835132,-2.069487723499903,-0.2696650193287424,-1.0560179608069828,-1.2695163582253899,-0.1664757248537054,1.1791988681518344,0.3035510375039177,0.5154979187174331,0.3661815547248956,-1.8001694822794323,0.08344425403246528,7
0.6599807136272517,1.322882373807961,-1.6754632396307987,1.8949956226651061,-0.24923283220764036,1.3964169930006114,0.9065695827411892,-1.7905463495735243,-0.32753673812143147,-1.2725291660448101,0.3633387424294027,-0.5662065026523145,-0.16294527885478097,1.5832418896495144,-0.23231355601056694,-0.30842889011889124,5
0.8907278403505461,-2.1786833893009088,0.781498649422329,-0.3559678959971,-2.3545529814203543,-3.3740104452629933,-1.8594562331730273,-0.3607969120763812,-1.4688376967573067,0.8297004790699054,0.07030454203202373,-1.327795888640798,0.09071950989516742,-0.7006384203104107,-0.5837558476144799,-0.6323664949230197,7
-1.5550290628212897,-1.6806023155674659,2.2300745330106806,-2.6176781877411024,-0.18872400148826815,2.1686021693847697,2.5792456623057793,0.8153579859190526,0.8077689519349615,-0.5153835568013004,-0.5306670229248025,-0.5424705245066733,0.3813969639662318,-0.8298472658797272,-0.4458941987330961,-1.00001167741574,1
2.731232893442302,1.8233229114116072,3.9050487123135085,-1.98581876669127,5.472051455674173,0.6830333088860692,0.8943035004386038,3.2634043096001752,-1.0335598437377784,-2.2088908592664844,0.19587243617450795,0.8496502867939835,-1.5292929641836819,3.7201651741733888,0.9035385295293853,0.5059128843494186,1
5.65945523076972,-1.099337842008233,-3.57329076319324,-0.4985340895081406,-0.6955163817430632,3.0800619533315032,-0.08063703839144597,-2.776519872192127,-2.242083988358631,1.2509767632085438,-1.83551260991324,1.4059862048744487,0.46135417963483205,0.38090416930365584,-1.0878315589808423,1.555322149471211,3
0.3556763911843879,-0.053936757602819525,-4.824250880191402,-0.26728950710099114,-0.7088523179959606,0.4537302150791,0.7929056143118159,1.2158336440042048,-0.03695745510114421,0.2682856319930526,-0.039186238033579485,0.24196932116428768,-0.052183414884754926,0.42246927444474675,1.0202418212915567,-1.0591313056912082,9
-4.871337179491873,2.297880135791101,4.09273716329639,2.5033103959860497,-1.5328665325399364,3.7991076329202897,-2.31500324352506,0.4342854380070527,-1.362751318439622,-0.07991210355393114,1.5231734672420394,-0.38103413839787037,-0.6551216909239838,0.5259313645312604,-1.4960226218416766,-0.7485630367299773,4
1.7217378666017031,-0.45361944877426086,-1.0340629046071055,-0.7324288931806988,-0.9932975190948077,0.31227582215458644,-0.04232025041819387,0.34182898836205816,0.3986589058439347,-0.8447478620550529,-1.9456593943409175,-2.641739941788747,1.3900947260170453,0.0011537336314375855,-0.5313916587869071,-0.06638065300583149,9
-3.728491091647637,-0.35083853684938354,2.514267734494693,-1.1471305041110922,-1.1350259090412085,0.3311645675143681,0.30166248083429603,1.0276560116707127,-0.35754497201832597,0.12662951727078617,-2.1311396373846567,-1.730658979824535,-0.2545360838102503,-0.5617250044289861,-0.25802432340212544,0.09385125829840836,4
0.3174420403541279,-0.644732560050024,3.12459826173442,-1.60045021781814,-0.2725156057397965,0.22385543411580752,0.9242681839331921,-0.5732305803642094,2.690386705359621,-1.0901751805955393,0.956329036718686,-0.6112114382326193,1.092952858688227,-0.4155917751659125,-0.2721065187651289,0.7081454353524445,1
3.6247685414226223,0.8628631484046357,-2.730830615817053,1.3314757661215075,0.6149537119202426,3.0307153999203322,1.8796426870211138,-2.3237657258537605,-1.0276195816386637,-0.44490581405219476,-0.33211424218556757,0.5639355008800019,1.0125393982988393,0.43292361432535775,-0.012097630364248324,0.22731375299907028,5
1.9763324999476413,-2.6267720748819694,-0.9528614157489855,3.4766952100642525,-0.19244334055550122,1.2601495104003335,2.205637390357423,0.4373598216908177,-2.2594716839639237,-0.5933452053100357,-1.1933771780686693,-0.28882352924540217,0.32221644905197966,0.49259983868832924,-0.266230754420733,-0.11817484349592365,5
-6.704910040551342,-0.022581100156093735,-0.616179081239613,-1.3863345211392972,-0.3515137326261446,1.8518255306475386,0.09253772398271455,0.7669207032743713,-0.34729658723912177,1.1871346052412686,-3.2110743065509904,-0.0727800511699962,-0.1303899455944862,0.671829656388128,0.9095504992260233,2.1183616485026158,4
3.09973076994323,-0.7330241076833103,-1.101798777515814,-0.7921841158079462,-0.9999193196544894,1.5499438990640897,-1.5643501816594227,-0.012212287360578904,-0.3504226472634582,-1.1196055655140058,-2.973881097587002,-2.014658914252164,-0.6530660194598337,0.6836723225210386,-1.2702011906319075,1.8477793372567328,3
3.225691293662869,-4.772371835610652,0.8169121124744704,3.5909602050145937,1.4698497387857958,1.1151952522967017,0.9933625771122939,-1.283776340901154,-0.9003517451100176,-0.5555539801027081,-0.01938316385906791,0.3251972772119616,1.374193100663928,0.8460474240008949,-1.1719091572494207,-0.7993078349489224,5
0.6191815258723473,-3.3636384239250514,0.5249647617065758,-0.37181823178131024,-2.2296785252922997,-2.8715000224009404,-0.9456771876347416,0.3623004496545397,-1.3370576239604293,0.007621545914620114,-0.04052081391721121,-1.4866377621153708,0.0402883693888711,0.6057677921302654,-0.18666738822607531,-0.07088659879164225,7
-0.23688310025696635,-1.8283281274883445,4.8847222597901325,-1.3773846226432045,-0.3663989371489984,-0.45015347247653076,-0.15176815858336154,-0.3519272565549557,1.350347490328635,-0.5784365627707337,-0.4571617130959511,-1.609422096575332,-0.13827478156681966,0.24572666817773875,0.08053914042202591,-1.0060910337163722,1
-1.406663045138465,3.5999507842455265,-3.6880562048968515,3.518531576859318,-1.6492019390455286,-0.6717352712007504,-1.8350917154917863,2.4746798041971787,1.2318644791159197,0.22001970671906504,-0.8661206207720561,-0.7635768406086538,0.036916984495100814,-0.29647461494582816,-1.0814253272222574,0.18152652791544682,0
3.1703350140404774,0.8821983708138296,-1.7548523725108656,-2.103695982221525,-0.27988642231847644,0.7137262222606242,-0.3636545786767173,-1.4858743720520209,-1.189877461290689,0.27372361419574676,-0.6757343637805566,-1.385559523046594,-0.9426147035222889,0.6557562320356064,-0.8956350666857,-1.2511002436392915,3
0.355604366966725,1.7404876807583856,-0.8312034664400464,-1.5283240540616034,1.7062957921271171,-1.7351897282940985,-2.5616332460067603,2.4842536342389323,0.6747509146656067,-0.48676134712367836,0.07081288492525818,2.1877999351826327,0.6377630412436223,2.229322957219321,-2.7269065789310805,1.4719626304461042,2
-1.406472025552311,3.727723918097297,1.6142175453752665,0.46675532268962705,1.470518118645358,-1.3855962890505196,-0.24543179094893355,-0.3622797286646427,-0.9301655454527331,1.0165314110836812,0.2915368040438791,1.0279440067384737,0.1942010869161703,-1.5801748469543255,-1.7664753487295648,-0.8503382206842306,6
-3.7231073688870766,-2.8852717395832714,-0.7262623994809426,-4.387173165537693,-0.9978302412517628,3.295893043997487,1.282763661407521,0.7072900018125753,-0.8856826395412584,0.5829744481214131,-2.3658414770646186,1.4089686873766776,-0.8255355323150906,0.003325660112495437,0.47511953792168643,0.03827131533001386,1
0.1964233494515635,-2.7217681878629927,4.0963124843152,-0.814049856451083,-1.0704670357932902,-0.7289907343624175,-0.031077507073929127,-0.8573629170848382,1.2974520533371017,-0.5073673675548562,0.446915620255218,-0.6767564361801036,0.633751425265029,0.34590060631121083,-0.6158443798791041,-1.750491805979405,1
-0.506356058441287,2.461746636167966,-1.9019120725212157,-2.325043257892045,-1.9030487805605951,0.038638151491001145,-2.7103702569095747,-1.2746167749189046,0.5115158337780003,0.040598834482878994,0.3300888872125421,-0.11475795256268055,0.3556011285212567,0.26153402907707324,-2.325182429631487,-0.9585820398103221,3
0.664336615136229,-3.469516072431362,0.06423312604165993,3.8868406188041247,0.3590345129061822,1.097852027387002,3.3164773939225514,0.43780749449700296,-1.4601826600017855,-0.44118235977137465,0.49279937594340717,-0.23545348640026528,0.09279448565081941,0.8362796630140804,-0.9422609542982071,-0.7044774548537005,5
-1.8425356822133454,-5.5472629382253436,-1.5740334805807572,-0.1037347651383866,-0.41342629585959745,-2.0099321253287354,-0.773227677100936,-0.17912637738738266,-2.091190984863354,0.28795560766329475,0.49117960367821845,1.6218239247867248,-0.0830971685189075,1.6996940128826383,0.5232385802832319,1.0522911963220443,7
-2.650626771909989,3.717450474738618,-0.27898440796728674,0.7680103073658731,-0.5352620344003183,-0.7643846484677175,-0.617716783630317,0.5860554981350079,1.5791407386922618,-0.1992008646454338,-1.2072186002852248,-1.494809289977808,1.4729560259700674,-1.2158989911248952,-0.5638944641042569,0.5494129839001355,0
0.6487169417101641,-0.45483839942397836,-1.0696844677465942,0.6640821487677029,-0.5589533014663584,-0.5804042209845319,1.4066582252725255,-0.4654002814350958,0.4712318881273342,0.731107266468907,2.2262289869958236,1.7652558629926418,-1.0798242814686931,-0.8717483977857469,1.1572070628776288,0.8427616748491201,8
1.3307554562966237,-1.1995865531777261,1.0224011258768086,-0.8308322352969795,-1.7572405714862747,1.1500893922619886,-0.9542678098478227,-1.4118405845652224,2.01721393526227,-1.2319315626607494,0.4245538811315277,0.8793788664003528,-0.5000922697886113,1.2688972309327877,1.2869029165782488,0.09226374302264172,8
0.1744698020164447,-1.2065395969713448,-0.2963942245831256,-0.10658588995549328,-1.6158121538608357,0.08312315963470888,1.2695169101723671,0.05434004148111301,1.454604842906255,-1.15700955954001,0.7975089300411934,-0.08066192354101155,-0.6236019103166298,0.11534690078125218,1.467911271305327,0.6030002349312744,8
4.695504770826457,1.1580076373195511,2.0630731309404684,0.677752022730409,1.628485819115581,-0.22379734067059037,-0.4414240286937,0.41533634534177505,0.7622208914830934,-0.18228572467316898,0.08072007322562215,-0.7056357871527805,-0.5349830774821899,-1.3196472982627783,0.19229399047982398,0.35175415917668384,2
7.35597110143929,0.707136106816329,2.4291783868924473,2.0356715611118363,1.661597617939459,1.680638225759102,-1.4269458856460568,-0.16338041063288467,0.08281090434318432,0.5408941771762882,-2.329171726162798,0.4076640947282269,0.7792668706205453,-1.9741044368569183,0.17385452193210596,2.634349975612436,2
0.15024049256140043,0.5161423006122812,0.9882366108784404,-0.6586678275408865,-0.4015285914699614,-0.21431848997662187,0.953296030023649,-0.729576698474658,2.2247683645524283,-0.28318928389047854,1.7656008900485545,0.7389354363316709,0.059858023215049176,-0.8470936714040671,0.7947157767926496,1.5035485235774702,8
1.987390256680791,-0.11595440625685922,-1.2205361055306057,-1.944636909569314,-0.43025753567341407,1.0098928788441675,1.555324447932306,-0.7882535855023399,0.5626663958153988,-0.8968009620871273,0.40832108393359606,-2.1117227773967753,0.10980737520647663,0.22188145813068638,-1.7911724309552428,0.13892281543687024,3
4.23157105652046,1.2922349263196107,-3.47881889102704,-1.4977604064940158,-0.31809931515184636,0.24645239112657463,-0.6853429705480296,-0.415164394349377,-0.8321879205941859,0.33345533979754427,-0.8662102740907424,-1.1426645066856407,1.092648262835325,-0.915942154003504,-2.025944606851175,-0.28200783583473343,3
-3.0065511893805943,-2.382293004252559,0.12157771743637827,-4.730697742822262,-2.1280340029062907,2.313827399563718,1.5068374797450346,0.3385510019716546,-0.5940330960266651,0.990560849139225,-1.5902246307506736,0.9023894643557168,-0.4834763160266569,-0.49636670107554,0.007420399820956166,0.35267120033035426,1
0.7347703096915275,-1.148786303209164,0.33707748732364756,0.2458273645705024,0.1006315692228974,0.22638656428304332,0.9466102643253702,0.3650178342785861,0.6614929088593597,-1.869034403899584,-0.32200697532163386,-1.8937547684240028,-0.7309138339722542,1.1890804241906758,0.19577137614513765,0.4049599168640342,5
-4.437972475153219,0.008922651534204113,2.0354394290904008,2.4120560272114506,-0.1553046627151383,-1.4380210982888977,-0.5563899275125572,0.920579956931152,-0.5401005607772124,-0.037805438166520086,-0.5736022491082301,-0.4239234457736464,-1.1075709761669295,0.693920657901367,1.1179142307150909,1.7864674762822415,4
0.33135042210333115,0.9706685464213141,-1.4554083506353088,-0.7345182906500218,-0.14539411554255016,-0.3021687932588717,1.0712787224609566,0.24447502727406478,0.3408360854228555,-1.0412702971268575,-0.8436600594225996,-2.2801120367377483,0.050214290329102206,-0.521493846349728,1.3631620178383794,1.5763831379721447,9
-1.8324765608985605,-3.138001980518508,-1.4549410765887316,0.374403987459364,0.0351183991285925,-0.6661238144618633,1.90616221919374,1.6944423915874849,-0.9808569621249802,-0.13167771555334512,1.3268266360436007,1.2517991013096021,-0.287742011651038,-0.22637825433463857,1.4546667725384979,0.33567862190711806,9
1.0731131125593192,0.5828968060637848,-0.7883174267444071,-1.6621114485369335,-0.1795023512061286,-0.8542689274744272,1.6471507662515077,-0.5083928243584409,-0.27519649199458385,0.6093622844467751,1.555413378083296,-0.27136198806236345,0.4827748918101083,-1.8290501699963233,-0.094052892693928,0.1736717734182281,8
3.001742059718378,-2.5715652974737746,1.227603274968122,4.079580611814388,-0.2735804695690216,-0.5459595754198114,-0.07433250881074206,-0.7500864323684913,-0.4028964114753639,-0.4787963136514356,-0.9241469671334481,1.0393674373876327,1.1387545726339374,0.6832697625330599,0.12521389887394735,-0.3912746293477182,5
-0.39723139401525165,-0.8252976532337092,1.9737711186553977,0.06686982229160372,0.41428347322850373,0.5609129653126701,2.183536068364745,-0.9259589116946313,0.5063999366663636,-1.6573566687210413,0.7473787316640229,-1.8511648853220843,-0.31417343710032375,1.5750280123065743,-0.22756206211395083,0.09101060533196316,5
-1.3284750146073045,-2.7492538576260714,-0.9500922617026119,2.1440091293417827,1.1949098331438044,-1.2779035745767888,1.308581058160485,1.9319525745858288,-1.0177233116758153,-0.45759114978671306,0.911671191184999,-0.6815254383685534,-1.1295810365318097,0.11504219036220747,3.3165987870674667,2.4380882156365558,4
-0.4476490026515237,2.844731850778784,-2.2515631828849454,-2.7241648307998405,-0.10366231421225035,-0.23197972787839163,-1.547463387199218,0.32410398031690457,1.347079772478642,-0.23094298610342445,0.18618483680866513,0.5661012822384487,2.664090916423388,-0.9107827324934034,0.843568837739546,-1.3563703678148693,9
-4.530617157658529,-0.12331314560441085,2.36640843574273,1.3709766196986453,-0.28365283898151744,-0.5680289457249923,0.6188108129968539,0.8556303854737555,-1.5371017428724307,0.5874930616117996,-1.5378897434563075,-0.3705286044046843,-1.0273297463821334,0.4480364691464813,0.6814420307919472,0.32741053549104054,4
-2.898767357470757,3.563476718635078,-2.2550759343550455,2.1830652714930854,-0.3224284945653899,-0.5133004561273637,-0.0779855753798889,0.9985916225628212,1.9720954051653723,-0.491305657820308,-0.380945101308693,-0.1808708415157584,0.8689048387668321,0.2874892787295214,-0.4773439171754269,-0.16068626077059173,0
1.6596599118596946,0.3808058761397562,-0.6325787475544604,-1.4359407353874996,-0.19341860050361093,0.0822644190039293,0.8514715045418761,-1.0379733023767832,-0.7650215852248262,-0.32361854433207543,-0.5708678275794521,-3.0963647737409272,-1.027436910085507,0.566781640648619,-0.7278016380904442,0.08549318799378126,3
-2.981961133450514,2.988400148930154,-1.9610537319496963,1.974380766327543,-0.9458889182234992,-0.8626581603319388,-0.13682080687640197,0.7925791158615366,2.1463298427315176,-0.7779538789748428,-0.12067760713577959,-0.23040776055400056,0.8506514670053901,0.4688852089580198,-0.7177905591831396,0.4262391256690685,0
3.57520559378972,-3.2337913567963965,0.6391846256750734,5.121203550826546,0.2203167231178994,1.391553802994821,2.0806043317823573,-0.615365491069643,-1.066408605528602,0.03042398349532291,-0.7745032804383323,1.1441096405453781,0.9802837583902955,0.44082286684439487,-0.6338642047154136,1.0597827123350736,5
6.729509847376462,0.22608586201548742,2.1405966338145435,1.3266840846673917,0.2655172977113613,0.8692135583735913,-2.2245769360047785,0.5981926557467623,0.4530391154887307,1.0027550188067829,-0.9978695140822362,0.5387407885121908,0.4799668268296931,-1.73767509162114,0.3060351904359564,0.8237982368546346,2
-1.9498786521595726,-4.549695001594024,1.6931986946032203,-1.5168605706756284,-0.4765752466590611,-0.1717560079841157,0.18754160869833872,-1.0066840895078775,2.5162459473160164,-0.7115562074889872,1.423812266880187,1.0389620350342086,1.8580541315775578,0.09538049367333401,-0.886306619571083,0.3760315497370359,1
-4.3536480366087575,-3.6509228606799784,-1.9045844119212896,-2.335771341943692,2.23184251808783,2.319121734519375,1.1773807123110172,-0.305058473245707,-0.43677540521194036,0.10466402224785214,-1.353522108048529,1.8963284133460554,0.6992271223022299,0.20510875340817317,2.318184560187176,-0.41375756298005417,9
-1.6805295584632687,-3.225092652282988,0.08477263915162488,0.25320859221703995,-2.1985638229317765,-2.5437733709422985,-0.9884244430266717,-0.24141892143547203,-1.3619003851350464,0.1877071128600721,0.6272683943618147,0.3072929127911785,0.30608379009610287,0.4939601125660742,-1.2714183734118685,0.7545391326258954,7
-0.19581494931785662,3.7821293925443857,-1.884570896550645,1.992753206424087,-0.18575478444716503,-1.221843580596985,-0.8938204997924035,1.6001639388757196,0.2790662966717211,0.39631984020954547,-0.5832168665680044,-0.27266659741611465,0.32374433837992544,-1.5340731438071311,0.20920807055779048,-0.9244457677941238,0
-1.663643097466941,0.6607468904226658,-3.8709531865256963,-1.617191523497859,-0.2706500317575593,1.4171808050865384,-1.8143362306788313,0.03370483525629657,1.6076798232890848,-0.7081845705452234,0.6366871666905336,1.7972629661875978,0.4114167359891016,0.7470830915624047,0.3110608138071743,-0.4945216396282046,9
1.6213215177193259,-0.2898127162035,-1.8587509830807383,-2.1317321915613685,-0.7593365822379278,0.11199514005794602,0.5112239645427108,0.8744778374385828,-0.004355734543263618,-0.5213787865384257,-0.13339324747702902,-1.418637584701208,-1.2599665721407871,-0.09170392742994289,0.9002703027188061,0.45792642424311203,9
0.08318062071002631,-0.9138087747210637,0.48645025731508723,2.6580717787150867,-1.8514512249127077,-0.3750971762977697,0.2172690043015367,-0.009003679991778934,0.3311807498379331,-0.09038726781738254,0.9543523975856927,1.1024676638965967,0.8084834141739273,0.17779907977136847,0.8610647836844433,-3.988703907268737,8
-0.9171059824538713,-2.026418832313856,4.141689844486036,0.13231919108285184,-0.7103123571819284,-1.330802146566118,0.9092148040083576,0.011921559879198159,0.21793450539330042,-0.5014675447754701,-0.0300897112136326,-2.139992084686133,0.5591121225536536,-0.013760476998036331,1.0403248245486436,-1.5696422303738473,1
-3.97901420425852,-1.9434999818219256,0.9080486370112061,1.7902450360339988,-0.08128318451788519,-0.9953987955347747,1.0627931914076105,1.842056967382993,-0.5565224137679257,0.04395400824723738,0.21854874414083458,-0.07463908550989752,-0.9996485912584645,-0.4077078286759978,1.2351760638046083,2.06220326336119,4
-1.9435949174808842,3.3560158351245883,1.9420563527632808,0.793588668289082,0.558925772953935,-0.330318925635577,0.9711264617567446,-2.4266621695721313,-0.2365279125239468,0.20976549408170106,0.6026465863633549,-0.32161746740628644,0.3317084667052068,-0.33014110620669734,-0.014166100146765347,0.09120097080641373,6
6.990242530588366,-0.710676471251075,1.7479626068041842,3.0397656537595106,0.27785189910936825,2.279560285648314,-1.5899418693525484,-0.1840285578955726,-0.19299294445142273,0.45219368889632755,-3.643663472314973,-0.00508659253596771,0.6779419176280382,-1.5616387229721949,-0.4106373473924302,2.6158735635213897,2
6.156289978961785,-0.8829131497449819,1.68993163010584,1.0836383368431532,-0.04097429516111495,1.4043474195886623,-2.2022701186056195,0.339402645791274,-0.04052874884939085,0.26392360317666175,-2.8005763829142896,-0.5701819176453444,-0.009015299815890302,-1.2376334473942434,-1.4201275554185833,2.5722664422447097,2
0.47429265642812496,1.1673729479318462,-3.964021750131934,-1.8951355688592249,-0.5308349935841441,1.0524163837558058,-1.5140054855870981,0.07358473628563567,1.4915180823960907,-0.9798180516328343,0.46418483866830534,0.9361807010202966,1.136565173649743,0.38026330126724006,1.0530861540073089,-1.8067980308237068,9
4.379642209402869,0.8518222298755029,2.281418460953219,1.6880733520420208,1.3562728532653916,0.5431015436825332,-0.7092023013541349,1.1661495345077881,0.4708597511186528,0.24137745188135393,-0.527403427243047,0.3682791635811732,-0.6435987665713945,-1.6122937914622648,1.0291822160517616,-0.27750463997937697,2
-0.37674967294967043,0.3424433558729626,-4.703802330375623,-1.135912459888248,-0.06058027342280155,1.0124467926410403,0.26319042974881146,0.04069275478642068,0.8743120511465192,-0.7953180869736696,1.2445788963514308,1.1514064304880853,0.2486322581059939,0.7066320207909751,1.4996652641659316,-0.372062779571169,9
0.6921314941824307,-2.450419228497819,3.917487995858889,-1.8943057661619274,-1.0994224019756194,-0.9400704541343817,-0.8579113167221075,-0.3940910177308609,1.2837005505542969,-0.47787425813429274,0.06049594484095329,-1.1269591458408248,0.11702192398862671,0.06823859517687432,-0.08567301399571875,-0.8373946749047267,1
0.8520413294059193,0.12813512859774628,-2.360756361171725,-1.443586501905782,-0.4186802642836245,-0.38021869426991045,1.0676227979091577,-0.8674639428653002,0.014955109702032404,-0.151469147520643,1.6128445060185972,-0.22552128674343103,-0.24022913393599105,-0.2654865161246735,0.5191197116623542,0.6621721645487241,8
7.008608890220901,-0.9103598470640658,0.034737539173927294,-0.0771866940607662,-0.721836091565046,0.6365500437493513,-0.9763269293050395,1.6850260148564302,2.280421032997515,10.968196359871504,1.5729591046120397,1.0159410745329216,0.29965239340565697,3.0507716523161994,-0.46681286400770844,0.9994896499728695,2
0.6288478187577652,-4.260311860215426,-0.7062335183143305,0.07964143722764255,-2.250420557310396,-2.2987646396877897,-1.1621216961844274,-0.8729362637491259,-1.849511721608647,0.7601718222334622,0.06931709129980616,1.459302379202289,0.8167663436311119,0.6223417114540495,1.1142316700548112,-0.6672790566051648,7
-2.830941714200459,-1.4686704856532957,-0.11297686624505927,-3.524791823560858,-0.07878769495360789,2.8784469688578658,3.342613032692561,1.4968579019755648,0.9065289788439005,-0.5242986460523548,-0.5164578062547484,0.33665457420364514,1.029741362593667,-1.328587437434722,-0.5676327102026073,0.6323386169263128,1
-1.5511129125040712,1.873885839555852,-2.1866372462782677,2.2780488686312785,0.20285625494888262,-0.6136710011054718,-0.06072440638868984,0.6920644155700271,1.765619836567384,-0.6814860597865129,0.33737326683476343,0.8363083733358163,-0.13227596774968814,0.5692346401519753,-0.5890766970571346,-0.4298094283769269,0
-0.023702079658726196,-3.7079562917200803,0.15876366962880206,-0.45396547436462753,-2.251523200123902,-3.2993155780819596,-0.7757830323606006,0.19412920476970796,-1.6708000711533977,0.6866920130390995,0.7131203816306626,0.28226273780510275,0.07097535593211866,0.18611383937066375,0.7235802427109275,-0.4985133082822598,7
